peregrine_tasker_id,feather_external_id
1,usr_zn3buun3
2,usr_eda7wxns
3,usr_7yffyykr
4,usr_o6zpfwp3
5,usr_82fr3lm2
12,usr_wd3f8141
24,usr_4q1iklyo
28,usr_tvj2qrc1
34,usr_arv4n49h
35,usr_tyix6fzf
37,usr_pjaq0cq8
39,usr_c66460g7
40,usr_57l2cj9z
41,usr_e2yp6zbj
47,usr_brgqzfot
48,usr_4bc8vaed
50,usr_emnbeg40
51,usr_p55egwnc
54,usr_acti2gbp
57,usr_bbgattz5
60,usr_6j2ilq8m
61,usr_28hxc9xb
63,usr_lq8obn9s
66,usr_zbxoh1w9
69,usr_9s484hdp
70,usr_chufur6n
71,usr_dszmm2fb
72,usr_jcr5gdyi
77,usr_zmitu6iu
79,usr_plukvm67
86,usr_cvtqgboy
90,usr_y4roks1d
101,usr_2mugbi1g
102,usr_gbpwuook
103,usr_8whblm8w
108,usr_0qpse014
110,usr_f0tdvcvc
111,usr_phq9usqz
113,usr_yvnahfwz
114,usr_yxs99mre
115,usr_rrzwtog0
116,usr_fbpk16fp
117,usr_6n72gxfw
122,usr_sk3tiqwg
123,usr_8gbe2i35
125,usr_a5beb1c0
126,usr_jd1w2yz6
129,usr_vl2bkmrf
135,usr_0zo5tdml
136,usr_d10br3um
138,usr_4vurdaoi
142,usr_8ex0fj1p
145,usr_gx3peapz
147,usr_b1pko95f
149,usr_nvijrm5g
156,usr_cn532lla
160,usr_kgse2aon
161,usr_p8p9pnsr
164,usr_rgjnk2ka
166,usr_o70i8a10
176,usr_rcgwvnwu
178,usr_ndgd6bj8
179,usr_onulch3v
180,usr_ehcvwbc1
181,usr_8b5esk2w
191,usr_casz467a
193,usr_ymilo23h
196,usr_sf1i5719
207,usr_fa5y7f7k
208,usr_qv23xwwx
210,usr_vp3i4nsf
211,usr_mmiqztqj
212,usr_i818dfwg
213,usr_fev4h58g
217,usr_5mvlrxxg
218,usr_f14brnp6
222,usr_51anq5e0
225,usr_nd0lous0
226,usr_xy6hhtgh
227,usr_4g051nnw
229,usr_8jszr1ed
234,usr_58aez325
235,usr_pr8051de
236,usr_ezrbccok
237,usr_fliugmbo
249,usr_gys57033
250,usr_7r0lrgn7
251,usr_p5wbzte2
253,usr_ypgkode5
255,usr_gcxluyam
259,usr_dimx4vo1
265,usr_5jy0ttty
268,usr_95vl7z35
269,usr_yb1vzw07
271,usr_e1vgxyd1
272,usr_2jn35pam
274,usr_83cpzerr
275,usr_81iy5f6o
276,usr_vscqcsa3
278,usr_fzchm26n
280,usr_dlig5oja
283,usr_6xxt6uhm
288,usr_3489z3iy
292,usr_t2zxjh70
293,usr_ki0l1ra3
294,usr_d4aji6sh
295,usr_dzy8q1x0
296,usr_1tcasd07
298,usr_cni9p9m3
301,usr_55i593pw
305,usr_52hq7piq
310,usr_lwl2t8m8
311,usr_s50vkrlr
313,usr_7epuyfl7
320,usr_58i46mlt
323,usr_arld2uhm
328,usr_1hm91lso
337,usr_dj5p61sk
339,usr_wink5c0l
342,usr_ggvpea2w
345,usr_55nkd924
346,usr_h9lce8e2
352,usr_z58ukdky
354,usr_162ho1el
355,usr_xhgoufmp
357,usr_jjcqu5mu
361,usr_di70f6bk
364,usr_kzkpexal
368,usr_7ntys7s5
370,usr_19bwucv5
374,usr_6qqy4kdj
375,usr_krz7euii
378,usr_n9xegre9
381,usr_665xkbsn
383,usr_fckutsxr
385,usr_gp4bfyxl
389,usr_625n71us
392,usr_6wqqkcri
394,usr_uutzxyf7
395,usr_kcpin1eq
396,usr_65gl8ptq
397,usr_sfgn3oic
400,usr_4ic5ej8o
402,usr_wyw88nbx
405,usr_wgez8pij
410,usr_g80ie1n1
412,usr_id6doc0i
419,usr_85ig5quf
421,usr_l8vjlhji
423,usr_3wzsn3c4
425,usr_tz7ou206
429,usr_cm7ewzg3
430,usr_6glk2kfv
434,usr_qu6n3f1i
435,usr_l52zj26o
436,usr_mvbe1g4q
438,usr_x5s5h917
440,usr_030lrpx6
441,usr_2yub5vzd
445,usr_aiz8h8ou
446,usr_tzqi9n72
447,usr_jphrls96
452,usr_32ufjoen
455,usr_r3a0pxmj
457,usr_9yoi3go5
459,usr_3ldhinuw
461,usr_dx1e0go4
462,usr_g52blifd
468,usr_b1o83o80
469,usr_hv44okrf
470,usr_ogedp7qr
471,usr_i6707uoc
473,usr_y6452gbw
475,usr_721srw3s
476,usr_ywzbh3r3
478,usr_owcqdc2c
480,usr_d2gp33vw
481,usr_ilvr1f88
488,usr_48o7ztnl
492,usr_ayqqw2pw
493,usr_dfpdat6d
499,usr_2lwycx4k
500,usr_68y54okz
502,usr_hah1kbjq
509,usr_q6nhg0c3
511,usr_vdux36y3
513,usr_a8cd97jj
514,usr_itu59xzh
516,usr_n3xotvfx
518,usr_dkm6b36n
520,usr_pgvz4njz
521,usr_hftmhxuv
522,usr_5p5yopgo
528,usr_u1076z7d
531,usr_dwdykuuy
533,usr_u9vz9syr
537,usr_fkdcxvyi
539,usr_p0zxhpn8
541,usr_kv7tdq3s
542,usr_cn1ddmjq
545,usr_hpcbso5f
546,usr_g4jmbkib
548,usr_pw9ix6du
552,usr_g9mb36m6
555,usr_umj568qv
556,usr_76dvfyxg
557,usr_mw99hwsn
562,usr_20a8pmah
565,usr_ee6v2o0x
568,usr_04fcdvu9
571,usr_kttb7edh
572,usr_2289zo90
577,usr_d13nlft8
579,usr_9ise8ztn
593,usr_v13zmdbq
594,usr_fbosasul
595,usr_o4hqmg49
596,usr_l597lzto
598,usr_vasmgqj0
599,usr_udpc85nz
602,usr_7jsexudg
603,usr_o7b00k2s
607,usr_3uwmocp3
609,usr_3pcuwf73
610,usr_xesanfm2
612,usr_wb6lmrwt
619,usr_to0iod9o
620,usr_qwswu7dg
622,usr_sij0zhb1
624,usr_j3yz6a7w
625,usr_tvf27pvn
628,usr_o4hznx8m
629,usr_bclouiud
630,usr_0qok8kv8
632,usr_qmp0onxd
635,usr_62rddltx
638,usr_waijb474
642,usr_v3tczxp9
643,usr_nno5wff3
646,usr_gspu3qna
651,usr_24oiiwoq
653,usr_oaffgey1
654,usr_f2pt7y4f
657,usr_a2hbid7z
659,usr_6t1fvk7z
662,usr_kz2mkckl
663,usr_yvan4cw4
664,usr_e5qeq7sh
667,usr_2ubrd6e1
669,usr_zcpvqypx
670,usr_3wbxvlza
676,usr_93z1c7ic
678,usr_fqtm1wf3
682,usr_wa9qjrn2
683,usr_jrtgbzq4
684,usr_hh0h2ste
685,usr_9xmcl09y
688,usr_q6ig0krk
689,usr_kna9grqz
690,usr_qcqddamu
696,usr_sskl2zay
698,usr_qzqjzl1w
699,usr_8y7z5fg7
700,usr_yirmqk12
704,usr_3eab3ol8
705,usr_b8raic58
706,usr_w3c5kadm
709,usr_8t6oljys
715,usr_teza4p2s
717,usr_ewkz4lwu
722,usr_7p5b9euy
727,usr_t30sa02v
731,usr_4jwk610t
738,usr_98hm95h3
743,usr_p3zk518b
744,usr_qqjcho1x
748,usr_xdvk07hq
753,usr_910d3y3z
757,usr_t9tgl7i1
758,usr_0zflabl4
759,usr_47imn2ql
761,usr_r3rou0sb
762,usr_y5yawges
765,usr_sz8r1lne
766,usr_o48xn2ga
768,usr_buidphm7
775,usr_s1xc0bc1
776,usr_2ws7uib0
777,usr_r1jp4xry
780,usr_l3oiagag
787,usr_kl4rmpo7
794,usr_wi1cfs2r
796,usr_3l05ahk0
797,usr_t11o73vm
799,usr_g3fy8127
801,usr_jeyw136d
809,usr_hb0axavy
810,usr_lni4jlo3
816,usr_m138xi0h
818,usr_ekcm0x82
822,usr_e78ne2x1
823,usr_ea6vi9i0
826,usr_79w22arf
827,usr_tupxsg5h
829,usr_02tbvqbj
831,usr_8o8p700i
834,usr_d10wd890
836,usr_oaee6ahe
841,usr_q7ckfcj0
842,usr_lnyg1es3
843,usr_8g1649dm
845,usr_x7bwyxdy
848,usr_h9anuzeh
853,usr_r0cq7tru
854,usr_13y0ylia
855,usr_ttjdeak4
860,usr_kyr79y7e
861,usr_37gugitd
862,usr_p1ugjr6b
868,usr_z9m78ayp
869,usr_w0600p89
870,usr_x0q69366
875,usr_e2m4061x
878,usr_pp6pg6g6
879,usr_yotib3mh
881,usr_ve6w2jkx
882,usr_ezddx99o
884,usr_repnyi3i
885,usr_qiqlvxof
886,usr_bzzlp07c
889,usr_hlbet7ws
890,usr_z0os2cwf
897,usr_c2bpkkg1
900,usr_8zu2pqf4
908,usr_mm9zjkvl
914,usr_63dhoiz3
915,usr_lk46dur5
916,usr_tsqicwg2
924,usr_yba5ehdb
926,usr_oi692ixn
929,usr_ip2bhb2s
931,usr_cwl5u2si
935,usr_hjvp0kpm
937,usr_3yau1k9l
939,usr_op1upn6f
942,usr_sda45l9f
948,usr_yubi66k9
949,usr_edbzjxb3
952,usr_71dxoyaf
953,usr_pmp48r0b
956,usr_20j2xy6p
958,usr_8ch6bw0w
960,usr_61cu5ygc
961,usr_cxy73rsc
963,usr_wn4j5ml0
964,usr_56jsuw63
966,usr_uadx02za
967,usr_bvol89xr
970,usr_7l5n0ppx
979,usr_p54klqrl
981,usr_yaqbv6vo
985,usr_t9t6m3it
986,usr_z8kjsxie
989,usr_ekeduxhd
991,usr_cuvs258c
992,usr_qfqjvuen
993,usr_htcwcey3
996,usr_yw23fgtj
997,usr_nnfpvm21
999,usr_tzcqcuw5
1001,usr_15p8axmr
1003,usr_7zw1h832
1004,usr_urd7t9nr
1005,usr_tv7dmgym
1007,usr_goj7cfud
1018,usr_auliavrx
1020,usr_9vb81byn
1021,usr_g7vwlt2t
1022,usr_b0gxu3g6
1025,usr_ok3h4orh
1026,usr_ck2wwyda
1029,usr_rycfsvu1
1034,usr_ul8s9r54
1036,usr_myvfwjhn
1037,usr_wlo96j3q
1038,usr_7287nlfw
1040,usr_8c5tae21
1043,usr_ockcpfqu
1045,usr_d2mtz4he
1051,usr_1bec17eg
1053,usr_ztn1lotx
1055,usr_diadx9y0
1062,usr_6uhpqqg6
1065,usr_wnc3x5pn
1067,usr_7ajq0o4w
1068,usr_h9n6vmp3
1070,usr_0xaur039
1071,usr_hmhhgq0g
1074,usr_bsx5lht6
1075,usr_jmlp6nlq
1077,usr_0drcwzrs
1078,usr_mqz0k4g7
1081,usr_sp46yfmg
1084,usr_7hxs1t50
1087,usr_6gvwehpf
1089,usr_yk8g70hv
1094,usr_b2nsktr1
1095,usr_m8pwnkyn
1096,usr_url5240n
1097,usr_detvtnbp
1101,usr_1204ek4u
1106,usr_he5dssr9
1109,usr_yr5ktz22
1112,usr_ltif0n4y
1115,usr_ckmh37kz
1117,usr_4c6grhx7
1118,usr_5d2jr1i6
1119,usr_hz8abpgi
1120,usr_ewsuap49
1121,usr_algx12fd
1123,usr_vc5orjue
1124,usr_570mt1pm
1132,usr_w7jgml4i
1138,usr_ahatz1qq
1141,usr_30ozlq27
1147,usr_x1pnoszd
1149,usr_iq8m4dk6
1150,usr_htxg6lq0
1152,usr_axscnnwh
1153,usr_ma1z94c7
1154,usr_l429n0ub
1158,usr_vm0cg122
1166,usr_dz07ekef
1167,usr_mcdk86aq
1168,usr_14ggysfp
1169,usr_c6uz7n60
1170,usr_ser6ts05
1172,usr_8nc69wu3
1177,usr_8tl5asp4
1179,usr_98szxswt
1181,usr_tqvnc3ki
1182,usr_u6c3kevv
1183,usr_ulszkyvh
1186,usr_bmff0l5r
1188,usr_q9crwdzm
1189,usr_yrlb2rhv
1191,usr_r9as1zlr
1195,usr_avj8pazo
1200,usr_pbf1l3ed
1204,usr_lo7z7642
1218,usr_la5xf331
1222,usr_gus06rb7
1223,usr_49aglvq7
1224,usr_zqqudweh
1227,usr_gcgh0fxv
1228,usr_kn9h6ro4
1229,usr_eenix06c
1231,usr_8h0v6kmb
1234,usr_f5ebzw56
1236,usr_er8bhtlo
1242,usr_vz5eakc7
1243,usr_kmh4byhg
1246,usr_of1fmu6s
1247,usr_ltaejyft
1250,usr_m5tyqsh9
1251,usr_qfjieqeh
1255,usr_6k5qiygr
1257,usr_wj6icbx4
1258,usr_l5f08r1r
1259,usr_qge5iw95
1261,usr_jjagtdce
1262,usr_vz5e1xbh
1264,usr_7ajzs6nd
1265,usr_o4jfw3oy
1266,usr_c905mq67
1268,usr_75eqjiu2
1269,usr_tmmv0l4n
1272,usr_pv0gk0ou
1276,usr_nlx1u114
1277,usr_cmmzw2wl
1278,usr_ddvqow8z
1281,usr_2nc1h4y2
1282,usr_fwr21tqr
1286,usr_ulyt7hp7
1289,usr_0ib0or9f
1292,usr_9gg8pvkn
1293,usr_6fe0d9ld
1296,usr_2qv54r0i
1298,usr_1n9ul336
1299,usr_8gt1ytv2
1300,usr_jnqu400m
1302,usr_6gav3q93
1303,usr_bd97x4wp
1306,usr_bpl3buwx
1310,usr_y3tur6oh
1312,usr_e4lxfx2d
1314,usr_tlmtswgd
1316,usr_tsgc710o
1318,usr_w10j4os5
1328,usr_zou6gqaw
1329,usr_h8qxl3yx
1330,usr_nk5squq3
1331,usr_hz3bj72l
1332,usr_5g7du81k
1333,usr_9pczelq5
1335,usr_63zgzt0a
1337,usr_0betjyga
1343,usr_km0yqztf
1344,usr_w4d7z4no
1345,usr_o5brr9ro
1348,usr_ih36qlu7
1350,usr_hjpa3g5z
1354,usr_azh8cszv
1356,usr_46o303he
1361,usr_jlqrxg07
1365,usr_p1o52adp
1369,usr_u3srnjgd
1370,usr_h4y1aj1s
1377,usr_8aruaioa
1381,usr_m8qgf3bg
1382,usr_046m7yol
1388,usr_jrs3sb43
1395,usr_vd26njxo
1399,usr_6ev42opx
1403,usr_p73bfcl3
1405,usr_zuc9l1gh
1409,usr_ea7u70f4
1410,usr_boe2k55t
1411,usr_ygwbvp8p
1414,usr_pbznbyr2
1415,usr_vq131xx4
1420,usr_hq28e2wq
1424,usr_sqb52jvx
1426,usr_64nc0s69
1429,usr_pqid22i3
1430,usr_ulv3yezd
1431,usr_3a5s01xe
1433,usr_e4uw7pgd
1434,usr_88gdtouy
1435,usr_t66rski9
1437,usr_9nql140t
1445,usr_rt8pua3n
1446,usr_x3kbjelv
1448,usr_ukrgtps0
1450,usr_41msontq
1451,usr_lg79yz1t
1453,usr_3jet0hsx
1457,usr_jbok4kt6
1460,usr_0o3n6mej
1461,usr_hevh1ruq
1464,usr_gfiygned
1465,usr_l2sv0jrr
1466,usr_yvmxh751
1468,usr_nv4xo0f9
1471,usr_vmxagbki
1474,usr_vfz0tx71
1475,usr_fsy69upr
1477,usr_vi5whbh3
1478,usr_ccwt38eb
1480,usr_2bxy29cp
1482,usr_yh3qk66o
1483,usr_1gdhjgou
1497,usr_uv4yziiv
1500,usr_roz24auh
1507,usr_3312wx3v
1510,usr_nk2vrhgm
1513,usr_ivunqhrs
1514,usr_bcnm0i92
1515,usr_5j9h062r
1516,usr_4bg3e8x3
1519,usr_xm9jv8ew
1522,usr_sqwtgr3t
1524,usr_ejq0fl2p
1527,usr_1jnpfi7l
1528,usr_xmo28gbl
1535,usr_ija81vma
1538,usr_thw1z16c
1540,usr_ifhq3caq
1542,usr_2d1xl422
1544,usr_srqkwf18
1546,usr_j1hpw9m0
1548,usr_y700lvwa
1550,usr_plg10xwj
1553,usr_ar7lw1kp
1556,usr_yv7d9j4v
1557,usr_r6qcz4j0
1563,usr_pv3deqvk
1564,usr_56t5gl86
1567,usr_r1jl8s6m
1571,usr_lhbl46pm
1578,usr_0d6yqoz4
1580,usr_r036491q
1583,usr_pcaad6cl
1584,usr_ivknwhh7
1587,usr_wjbpcprv
1589,usr_yl50y784
1594,usr_zg5iphit
1595,usr_cz1ed5lr
1596,usr_t2vmdq9c
1598,usr_rx0mvrjl
1600,usr_0nc97x7r
1604,usr_xuiejp8m
1606,usr_f7t286mj
1608,usr_fy0dtz1j
1612,usr_debk50y0
1617,usr_24z1u8sz
1618,usr_gaor8gjy
1621,usr_1m078op1
1624,usr_md21dqhr
1626,usr_de6s3z42
1632,usr_omrv2523
1635,usr_llm5fef4
1636,usr_mcl06j5n
1638,usr_t5kj1tlj
1639,usr_n4nqnvc2
1641,usr_9ut8tr1x
1644,usr_tcg70qhw
1645,usr_rrrrp19n
1646,usr_8wvy9x3k
1649,usr_f9s72wuy
1650,usr_3ye50kwg
1651,usr_gxw830w8
1653,usr_o7ctkd24
1654,usr_36va2f7m
1656,usr_yl1wpkkd
1658,usr_nmowzv42
1663,usr_4beu648b
1666,usr_jjmjih4s
1668,usr_5hpboixv
1673,usr_2tzslngg
1676,usr_tiolmz19
1677,usr_2tdpd3yb
1680,usr_dd2zgbjs
1682,usr_i4frdi2g
1684,usr_nb16t5he
1685,usr_6pj45a05
1686,usr_07readu1
1687,usr_aq6h4cep
1689,usr_956paxx4
1691,usr_masfei6q
1692,usr_d2t8nv20
1694,usr_epb0gn2t
1697,usr_2bbo1tks
1698,usr_ijysknar
1701,usr_wds52g7c
1702,usr_17nj25yg
1703,usr_kcgt81ma
1706,usr_6na3zivg
1707,usr_mu90m3gb
1708,usr_7gtn02kq
1711,usr_hgq49fka
1713,usr_4e662lv1
1714,usr_lpqii44z
1717,usr_xu5inymp
1720,usr_gci355rr
1722,usr_mkwjxu0h
1723,usr_fnrb4vzt
1728,usr_sepo02kg
1730,usr_2ftjiya4
1733,usr_xjinb8xg
1734,usr_byxlnwoq
1735,usr_8hdbp371
1737,usr_hj36gqoy
1741,usr_h33dgl0d
1743,usr_i33u3v1e
1751,usr_35hhps26
1752,usr_jitjg5aj
1753,usr_bzij3lf4
1754,usr_2mjdz6ol
1756,usr_a0q2lmrg
1757,usr_67o2o580
1758,usr_2hwtrrw1
1770,usr_9fshw9tt
1773,usr_3bj8xdb5
1774,usr_apojoc9c
1781,usr_e2qbi222
1785,usr_avxy4jh0
1786,usr_93p0luuk
1788,usr_trqc4via
1790,usr_4m55vcxa
1792,usr_ca1k0peo
1793,usr_qvpnb63w
1795,usr_sc2odl34
1798,usr_xkcuw6ze
1799,usr_r0pjt1uf
1802,usr_48apzdte
1803,usr_2ynqy3wn
1807,usr_imn8up2p
1809,usr_b03i6mcl
1810,usr_aj96d0sh
1811,usr_goc0r9bu
1812,usr_ao8n9fcw
1814,usr_tkjzr3q3
1816,usr_ihwdnkfh
1822,usr_of0fmqoa
1829,usr_51u54szp
1830,usr_wtp1pu9e
1835,usr_izwllszs
1836,usr_u001dipk
1839,usr_yprt5dz0
1842,usr_4dnvbjpt
1843,usr_ggnaq1tk
1848,usr_a3tl06de
1852,usr_4jne3rfk
1856,usr_2ic4989s
1857,usr_s3ffrdp7
1860,usr_kzt299b8
1865,usr_u5iqlhf7
1874,usr_aowurufz
1876,usr_zhfaoan4
1884,usr_51u3qx7e
1885,usr_u7sy71yo
1886,usr_rbkjg4f5
1890,usr_af1rlcxw
1892,usr_6grux0ey
1900,usr_z07rqgo7
1901,usr_w1ei2hu6
1903,usr_klejheug
1904,usr_d1zn0b9x
1907,usr_numl2hr5
1909,usr_mcvskw1h
1913,usr_7mx65rkj
1914,usr_7vierwcf
1918,usr_9yssxu8n
1919,usr_o1pur35u
1920,usr_perg02ti
1922,usr_tptbpmf6
1924,usr_t5oxaemo
1925,usr_tef6xu5d
1926,usr_v5rqiksw
1928,usr_n6nn52tt
1931,usr_00o59r64
1932,usr_99ashzrl
1938,usr_56vlpfq3
1940,usr_2soz0yht
1941,usr_kdshg7zc
1943,usr_oua4mz0n
1945,usr_mynxb6tc
1949,usr_47dcsfhy
1951,usr_7fb2ha4m
1961,usr_iq2yy4z6
1967,usr_mq9t072x
1976,usr_ebcb4m9m
1979,usr_an51386d
1984,usr_sz1mbtri
1985,usr_m4dk51du
1989,usr_nuyrt5uk
1995,usr_463wjnir
1996,usr_ukcoqawn
1997,usr_jo0ejb7q
1998,usr_i31sql1v
2001,usr_k79cww36
2002,usr_34hfmh8k
2004,usr_eoabp2qa
2005,usr_3xhdla4c
2008,usr_yrhwuh3f
2013,usr_ag6utq5g
2026,usr_67gg9rmx
2027,usr_e1oet989
2030,usr_vgv6t53l
2032,usr_lae7cbcb
2034,usr_dkrtjx1k
2036,usr_6nrnbgfa
2038,usr_fqgdmi9l
2039,usr_qlaokj48
2041,usr_jjcxgf23
2042,usr_bzdy0rft
2044,usr_6t67p6dm
2049,usr_cn0hjb72
2050,usr_gcixraeo
2051,usr_kqwpysxe
2058,usr_7oisjksa
2059,usr_zjwvyj7j
2060,usr_47wotyx8
2061,usr_3cg6cn4f
2071,usr_0v5adnk6
2080,usr_xuaerxh9
2082,usr_0wtqe7v0
2083,usr_jogy0yda
2086,usr_hy8ytsix
2091,usr_edyvolff
2093,usr_5w03xjul
2096,usr_mmhvzbq1
2103,usr_ixj7x656
2104,usr_wezgb9ys
2105,usr_mljrkq8k
2114,usr_94w2u4d1
2116,usr_klj8cytx
2118,usr_tdw8zfpu
2123,usr_62aqbbdw
2130,usr_w45j04dc
2131,usr_rlqqk0s5
2132,usr_78zqlipv
2134,usr_eih87rbr
2137,usr_aip28gke
2139,usr_zqbz9dg5
2141,usr_gndon2c0
2147,usr_0x4pe08n
2149,usr_aqdezzxf
2150,usr_fo3fbswp
2153,usr_x1hx54k9
2154,usr_p8s139yj
2158,usr_ir20pl14
2160,usr_zdva1iof
2161,usr_jufhemy6
2162,usr_ztrka2bb
2163,usr_hdsamk8w
2164,usr_i1nian3q
2165,usr_cb5d8wxt
2169,usr_1fdjfsv1
2172,usr_eeyj7eej
2173,usr_pupv9h45
2178,usr_m8rwek28
2179,usr_gnccwu2f
2183,usr_jqq47zcp
2184,usr_46ljp19h
2185,usr_q2nxvcfh
2187,usr_s2poghlm
2195,usr_7pq2u3ru
2198,usr_o5tk98yp
2202,usr_dkp4agk5
2203,usr_49belj7i
2206,usr_9fkfx2ou
2207,usr_5rxbgkxc
2211,usr_0504ifh1
2214,usr_iy20uqhd
2216,usr_gjbowdl7
2217,usr_q6mtnqm6
2227,usr_wxrd9jyw
2228,usr_tvzsr72w
2229,usr_u514v62o
2230,usr_64fakupz
2233,usr_z7jf37b4
2239,usr_p8l2zh1a
2241,usr_w1hge4uj
2242,usr_1uwswwr5
2247,usr_9g0pmb0z
2248,usr_qh8ehkhd
2253,usr_7mcpf15o
2258,usr_2p5drbjx
2259,usr_385ncijt
2260,usr_hwoo1vrf
2266,usr_10whup1r
2267,usr_4ewmia1i
2273,usr_uly84pbf
2278,usr_zk4sp5lg
2279,usr_hqedhlav
2283,usr_loecr3ov
2285,usr_dzbenhk0
2288,usr_az5yv6d8
2289,usr_p24v40k9
2290,usr_i81gek3p
2292,usr_w3l64mop
2293,usr_k89xqlkn
2296,usr_6rzz9r7l
2299,usr_yzju9r13
2300,usr_sj7tpjib
2301,usr_e16vwf07
2302,usr_sq8k10g1
2305,usr_0ty1q0h2
2306,usr_gsyz569u
2307,usr_3lqqp4cm
2308,usr_udohqigp
2309,usr_k6853cz7
2312,usr_oghouai3
2316,usr_5zejcl6n
2318,usr_o2encvwr
2319,usr_f3we4a95
2320,usr_u938wpyw
2321,usr_h2r4xkhj
2325,usr_cq82juk0
2328,usr_dtv40cit
2331,usr_4v7roivd
2332,usr_vyyy5k6v
2333,usr_h4u0gag2
2334,usr_ev7q8y3f
2335,usr_5jdrm4ht
2336,usr_wc0nzle7
2338,usr_h2p0h876
2339,usr_lrzuzo3g
2340,usr_0kmeb5bk
2341,usr_7xti91ea
2344,usr_bxjek6m2
2345,usr_0u919ajx
2347,usr_tiqd1cts
2351,usr_4p2dm3wi
2352,usr_7ad3r339
2354,usr_ol0sftvs
2355,usr_vzzum0tb
2364,usr_y647ntkc
2365,usr_egcqr6qf
2366,usr_ofpg0fsk
2369,usr_cx0wwocu
2373,usr_i9qnjbxz
2374,usr_ys7uplg5
2376,usr_y3l8aw6s
2380,usr_xknzcltg
2386,usr_vpmk7cqd
2389,usr_fbp3vkrh
2390,usr_xynuix4q
2394,usr_x0hg7bx1
2395,usr_7hb5ejix
2396,usr_ut71szbz
2402,usr_qxvikxxf
2404,usr_5up9de6w
2406,usr_h6ed06fx
2409,usr_61d0reox
2410,usr_ye9l053g
2413,usr_n1qbld68
2415,usr_f8atff93
2416,usr_1ih11cfe
2424,usr_29sm3fyb
2425,usr_xqnp8a0i
2429,usr_ch3cxmm4
2435,usr_gzolnmx5
2437,usr_q5lro5gh
2445,usr_wdlunn2l
2447,usr_4djtxf8r
2449,usr_63310ya4
2450,usr_o8f5v1en
2455,usr_7e1zdrz7
2459,usr_ig8rg34e
2463,usr_8p30f6nr
2465,usr_2livahfy
2470,usr_mf8am4jt
2471,usr_r5sh1ljw
2474,usr_t9yurt58
2475,usr_llx8ehbx
2476,usr_o6g46dll
2479,usr_1sl045vh
2481,usr_ez9mlidq
2485,usr_0vg0cnoc
2486,usr_m9yjtron
2487,usr_xhroqo98
2490,usr_4r2zjmr6
2492,usr_iqjuv23w
2493,usr_qwlbh84z
2496,usr_rny3scng
2500,usr_z56kx3z9
2501,usr_9vb80i54
2502,usr_724z45j6
2506,usr_wglnrcoc
2507,usr_xl4hyzp2
2509,usr_9f2l1rsh
2511,usr_qypywqjd
2512,usr_72b65n9l
2513,usr_xqig67jq
2518,usr_ky2jppp1
2522,usr_nyckt62l
2524,usr_tfj4snvk
2525,usr_o1jvfp21
2529,usr_uo3kuj4n
2530,usr_ifzfdgqm
2531,usr_dildyxue
2535,usr_tclom619
2539,usr_1ean2e47
2540,usr_84ibe77b
2542,usr_ijleetk4
2544,usr_myix10io
2545,usr_d153khbe
2546,usr_n4wbdkmt
2549,usr_r95d6mcy
2550,usr_vha50py8
2551,usr_jpdszaf0
2552,usr_l86p8c01
2553,usr_ixp6kajd
2554,usr_v4tjtfxc
2556,usr_iknd6ytr
2557,usr_sg9po0wn
2561,usr_clsrxbk1
2567,usr_yjgand38
2570,usr_akmmz1gq
2571,usr_rrcozoi8
2573,usr_zv4aws0k
2576,usr_tww1lbs3
2579,usr_f422aq2t
2580,usr_5c9696nm
2583,usr_o2hvf639
2584,usr_2a4mdulq
2589,usr_xvbp07e7
2590,usr_txq1x5e5
2596,usr_41sbzf8b
2598,usr_h2hz5b9l
2600,usr_p20vagn2
2601,usr_vse2iuxp
2602,usr_bolgfdax
2604,usr_b8akouvp
2606,usr_tv4ans6b
2607,usr_eidgdkd3
2608,usr_19osd2ye
2614,usr_iq9dtbzc
2617,usr_sflyxv8b
2619,usr_hk20l5ib
2624,usr_277b2op4
2625,usr_1syumo4a
2629,usr_m2zrd437
2633,usr_sgwk1nme
2634,usr_gp5rdl3v
2635,usr_l71jv9t3
2638,usr_7vgqodx1
2641,usr_vq8sit2z
2642,usr_jkr2tnuc
2643,usr_104k2f6t
2646,usr_zyp725tw
2648,usr_e17blkel
2650,usr_s7icb6zh
2655,usr_qxjxu7sl
2656,usr_ja2c8d4q
2660,usr_rpl6cn3m
2663,usr_f1d25oto
2668,usr_cou3yawp
2669,usr_ef8pyg2u
2670,usr_6g3h9dz8
2672,usr_t68z23mw
2674,usr_zwx5zvwj
2676,usr_wu2hzbof
2678,usr_vs96qt4m
2682,usr_b1ds4ooj
2687,usr_oslsfczz
2688,usr_0hxkqx55
2690,usr_1ycrr272
2694,usr_1x12c5s6
2696,usr_owpfvlik
2703,usr_lq4nmy8x
2707,usr_tmrn0cmp
2711,usr_4zzxzbkl
2713,usr_u6rg7o7q
2717,usr_s7cyunyx
2719,usr_i8kxwlim
2722,usr_lnd9nq6p
2724,usr_63p0ljjh
2727,usr_uo278b4x
2728,usr_kz5synw2
2730,usr_wv1ark46
2733,usr_duihtz7o
2737,usr_blmudywv
2738,usr_ix4ga46y
2741,usr_236e5b5a
2749,usr_t9ziseg8
2751,usr_vgxo5xo7
2754,usr_fbf4r21k
2756,usr_014kf7ye
2757,usr_40gadfai
2758,usr_rvfw1zxv
2762,usr_139zb96l
2764,usr_0urafewn
2766,usr_a879jwkt
2770,usr_w52ocptn
2771,usr_nataknnp
2772,usr_i3yf8gya
2776,usr_0dp5a4gh
2777,usr_t6yuql1r
2779,usr_4de47zvn
2780,usr_03ji70yx
2785,usr_0kd6c896
2786,usr_dmj2qjv5
2787,usr_bbob9d6f
2788,usr_hcs8j4z3
2793,usr_o526ylo5
2794,usr_6d72fvcm
2796,usr_8hnvdvs2
2802,usr_6kcfnk84
2806,usr_3e9y5hdb
2808,usr_pnw974f0
2809,usr_jtj77ukm
2810,usr_cku0vllm
2811,usr_q1yy41t8
2812,usr_zbuavwpi
2815,usr_w6xmyab6
2816,usr_ekkmofro
2817,usr_w52ga112
2822,usr_m1js9vat
2824,usr_9ta2jjdu
2825,usr_lce4xttw
2828,usr_kzfg725j
2832,usr_1k8y7wki
2833,usr_y8c6yruv
2834,usr_a3l5xgin
2837,usr_vkiztp8s
2838,usr_pudss2tu
2839,usr_xazb3wcc
2843,usr_f5zv5rgz
2844,usr_zo9wpuz6
2846,usr_f31jl9b4
2848,usr_xwqum3zl
2854,usr_d55wppzw
2860,usr_5ewjgp3n
2862,usr_78mvcd58
2865,usr_c0scwt1n
2874,usr_p7sdtlqi
2880,usr_jw64enf6
2883,usr_9yse5eb7
2884,usr_uzlwbcmg
2887,usr_swer8y0x
2888,usr_dn06ifpx
2891,usr_n2n13boq
2892,usr_e790rzis
2893,usr_2uj0503a
2896,usr_7pfx3j50
2900,usr_ee8agcst
2901,usr_wiksixvr
2903,usr_2rb9nexw
2907,usr_t92szdzb
2908,usr_itj5rq3f
2909,usr_bxa37j7a
2910,usr_5jcx3p4f
2912,usr_meajwmy5
2915,usr_vi7xzr3g
2919,usr_9wd9puu8
2921,usr_hrpisrmq
2924,usr_y8tdelzd
2926,usr_r5c3771i
2928,usr_yk5lsgoo
2930,usr_kuw980f2
2933,usr_whv2cg8l
2934,usr_5a37zsyj
2935,usr_roc37cn9
2937,usr_zp6irhab
2939,usr_n03fem91
2943,usr_8dfrnc3d
2952,usr_294pzhsr
2954,usr_kxgfz19q
2957,usr_qv7u944d
2959,usr_fyqi3bfx
2961,usr_304z7r21
2962,usr_wlscfgmu
2967,usr_33rm1c1z
2969,usr_rqm88jb0
2971,usr_db6dbpth
2972,usr_kzzcy4y5
2976,usr_n727ezuk
2977,usr_9x4wyus6
2978,usr_ozjocg1t
2979,usr_89pr8kcg
2982,usr_13kaya5w
2987,usr_a5vwhclo
2990,usr_ulknffrm
2991,usr_hg0vwsxn
2996,usr_606tu5qv
2999,usr_dulhnuh9
3000,usr_9txbt9v3
3003,usr_zv51n3gm
3006,usr_urq2i02v
3008,usr_j27gpg9n
3011,usr_yqlf7bci
3016,usr_djq8blwk
3017,usr_0mlvnh5y
3020,usr_frr0fuds
3022,usr_15ja4mnz
3023,usr_8buu5lqj
3025,usr_gtwu8zqw
3028,usr_sumn4lxw
3029,usr_nsd2sa11
3030,usr_finxa6i8
3034,usr_pqaf129e
3035,usr_25tw6x1i
3042,usr_h10d9u1r
3044,usr_6gu91jrg
3045,usr_bjiwi0vy
3048,usr_5ja9073g
3049,usr_bbpgybms
3050,usr_zn3hj8pv
3052,usr_26ylqm1h
3053,usr_w45yyclp
3054,usr_gmpyz2ei
3057,usr_a12ab20h
3059,usr_3r4i1wn0
3060,usr_dfixkyta
3061,usr_4o0wau7u
3062,usr_gb5e2y5z
3063,usr_kbpk2v6v
3065,usr_sjey2abl
3073,usr_5o0x46gu
3074,usr_km1t3nun
3076,usr_cshwifcg
3077,usr_gd1roa7n
3078,usr_e4fmnstz
3079,usr_o8hsd19c
3081,usr_175mh5e3
3084,usr_r7fyykdl
3087,usr_ablfi48t
3088,usr_0hz08ctx
3090,usr_efbnje0s
3092,usr_db0om4hy
3093,usr_5lyg74gv
3097,usr_ynehui3w
3098,usr_kcqg7a6r
3099,usr_jbbgv36a
3100,usr_y2vxvyyn
3102,usr_oqlljmw7
3109,usr_caxrp0n4
3111,usr_0s700xj3
3114,usr_iqbawrt3
3120,usr_8u9e10m8
3121,usr_daca4ums
3122,usr_4h2fahri
3125,usr_mr17zlc0
3126,usr_srvamtf9
3128,usr_3js0d2wl
3129,usr_nqv03og2
3131,usr_3006hncv
3132,usr_6nu48u71
3136,usr_ytv0fz4e
3137,usr_393mvn32
3138,usr_kkka4l7r
3141,usr_glp65p3h
3143,usr_8s57wy5t
3147,usr_y14z9k44
3148,usr_tkgyl3t1
3149,usr_p1u46cho
3153,usr_n9u6iogy
3156,usr_811h8v73
3157,usr_hkpn8ubf
3159,usr_b7uwwa9b
3161,usr_xchcjdk6
3171,usr_d3sqjp28
3174,usr_5ztmgenj
3176,usr_012fc1d8
3185,usr_rs50wc3r
3188,usr_o8h5kk7c
3190,usr_nyip2q5g
3191,usr_n9uwt3e8
3192,usr_wbs0s3gy
3194,usr_6qitw25b
3196,usr_xme4c0tu
3198,usr_zn6moukc
3202,usr_j84ttdl6
3205,usr_r0f35tj1
3206,usr_5iiyjh54
3209,usr_myppd9x5
3210,usr_3lkwk0vm
3211,usr_474a8crq
3221,usr_r5bj7s61
3224,usr_9ax8g5vv
3225,usr_dgtv1abf
3229,usr_rb8b4i2d
3236,usr_shhous3v
3237,usr_of08ib7v
3247,usr_fxh1oa8b
3248,usr_r70y2fd2
3251,usr_r05idt3h
3256,usr_ytrn15is
3257,usr_aymekz6g
3258,usr_fvryfa9n
3259,usr_axaxzk7l
3262,usr_6p8chfdz
3263,usr_2bqf2jkf
3264,usr_hjhj6oap
3268,usr_7rh820tw
3269,usr_9w19mpdf
3277,usr_s09nqo6r
3280,usr_jdeks1nl
3282,usr_b9fmuvm5
3283,usr_u51nwfte
3285,usr_ml04eosk
3286,usr_n5yk3b41
3287,usr_v0bo3n0j
3292,usr_m238mg3w
3293,usr_dp7c92cc
3295,usr_b5py35vi
3297,usr_a7zz5qiy
3299,usr_hrkzpuep
3302,usr_3pefrs26
3303,usr_nehalk5s
3308,usr_re6tcqik
3313,usr_q0ewu7f7
3316,usr_4eaxe6fy
3317,usr_niyi22m1
3322,usr_x10dn0ui
3324,usr_764022zp
3327,usr_gwt6u2p1
3328,usr_qekphxrc
3329,usr_hfzic6ii
3330,usr_m04pn4kf
3337,usr_w31qhafj
3339,usr_ewrylijl
3341,usr_klw2rhu7
3345,usr_fkzea31i
3346,usr_91zrrc93
3347,usr_rqcnev8c
3349,usr_m88af5sq
3350,usr_csa404wl
3351,usr_vpj726kb
3352,usr_vaexpwe2
3365,usr_4g53341w
3366,usr_fqmtjkl2
3372,usr_4fs9avhs
3376,usr_g1wem1b7
3384,usr_x226ex8j
3388,usr_vxsgw86h
3391,usr_k8k0mgfo
3392,usr_ju3k5x2s
3399,usr_zmvfv9zy
3406,usr_nlez0sk8
3409,usr_xtaqtn9s
3412,usr_qr6oim4o
3418,usr_1oy5bw2i
3419,usr_8qc4rlcs
3422,usr_sbxa4w76
3424,usr_dovndl5f
3427,usr_uumhlwkg
3429,usr_1pajzvtl
3432,usr_mrmuq1gp
3438,usr_79h78v2h
3440,usr_iisg9yur
3441,usr_ykg94bs5
3442,usr_n033rhsj
3444,usr_63qnywna
3445,usr_5z8iil7o
3446,usr_x8a10vda
3447,usr_vhtcjayz
3449,usr_7bb93235
3450,usr_96rc2kjz
3451,usr_6y2z59j8
3455,usr_wj0y0ryv
3456,usr_2419wl4l
3465,usr_jwyrv8uv
3467,usr_oyykah8b
3468,usr_0zov7156
3469,usr_2hkzsrqo
3470,usr_m2s9o64f
3477,usr_s95i27rk
3478,usr_9pfoyihj
3479,usr_5i0gjo9o
3480,usr_ccuwvslm
3481,usr_er29uvle
3484,usr_g69na920
3485,usr_xl05eb32
3487,usr_2yib9r3i
3488,usr_dbpdc3tv
3489,usr_6q1b4ozc
3491,usr_zxfh5uc1
3493,usr_4i34gh84
3494,usr_31fbtz4e
3495,usr_409md8jj
3497,usr_2hh3xgjo
3502,usr_8g0l7f3p
3503,usr_64srg1a0
3505,usr_i6zmoae5
3509,usr_up338ki4
3514,usr_0v3a90tb
3515,usr_h43u7ko0
3516,usr_38gduxlp
3519,usr_sqrgrfyc
3520,usr_zmi6w0bq
3521,usr_by6j48eq
3525,usr_a8uzhgh0
3526,usr_xavf0rro
3528,usr_ub36t5g0
3531,usr_ohjjen4o
3533,usr_ttlzuawe
3534,usr_26p7xmhi
3535,usr_prf1ihtt
3536,usr_wk3ula35
3537,usr_jbsorlsb
3538,usr_af1c9hxg
3539,usr_5r8x3uqs
3540,usr_tnsvx2dn
3541,usr_7yu41jao
3542,usr_to862ze9
3543,usr_bsfbcgie
3544,usr_kzuwsg0o
3545,usr_t8uvg16r
3546,usr_jy8jomq8
3547,usr_vyce214i
3548,usr_r1i450jy
3549,usr_6as0p7h6
3550,usr_kwso22h0
3551,usr_o6t72g1u
3552,usr_7ie046vl
3553,usr_0m44hwhw
3554,usr_0en2awlc
3555,usr_r99cxmg6
3556,usr_5drwzoic
3557,usr_obcw1vyx
3558,usr_66z57ssc
3559,usr_gsu6o16s
3560,usr_r9jpg0bd
3561,usr_er8253bw
3562,usr_5enkjx0e
3563,usr_bxi418u8
3564,usr_uva3s43p
3565,usr_9uwp2mbd
3567,usr_otl2k1zf
3568,usr_o9s76jcu
3569,usr_bdhebvlc
3570,usr_3o01cqhx
3571,usr_x7ovb6w9
3572,usr_h6db2h0c
3573,usr_rm6m3mon
3574,usr_7gkleqma
3575,usr_5dne348l
3576,usr_bt3x9c59
3577,usr_eht720zq
3578,usr_5u78ln6h
3579,usr_3w476ren
3580,usr_7h3fhkp4
3581,usr_q3js0bl9
3582,usr_gyicti9o
3583,usr_7ll93w1p
3584,usr_4hf6a2gz
3585,usr_yw8vrpyu
3586,usr_4p75ys86
3587,usr_z6fqx3z0
3588,usr_tu6n0wd0
3589,usr_p4n79mbp
3590,usr_k16ht183
3591,usr_n6omyocn
3592,usr_f9unkbjq
3593,usr_he88ogah
3594,usr_8q4ksupj
3595,usr_1kr4se59
3596,usr_ledeh0lb
3597,usr_5ydjw5y1
3598,usr_n7n8hp51
3599,usr_xduwj62d
3600,usr_dn7da9lc
3601,usr_ztube7kr
3602,usr_1nrp8ckn
3603,usr_i4s2ojcx
3604,usr_ft6wfxgl
3605,usr_0tup3jpx
3606,usr_cc9n2qqh
3607,usr_430zazb1
3608,usr_40oqzwxx
3609,usr_jhfowkmb
3610,usr_u596gcum
3611,usr_3mq7iyml
3612,usr_fm5hrl27
3614,usr_wlgt8kvp
3615,usr_38kj8c3g
3616,usr_7orwy95w
3617,usr_8d4tmkmv
3618,usr_vvw4qbqq
3619,usr_951n1iyc
3620,usr_xvxi1bd9
3621,usr_xdzpvuy2
3622,usr_22xdrvr0
3623,usr_209slxdx
3624,usr_ruzplfot
3625,usr_pz12ev6k
3626,usr_t3jnv9e5
3627,usr_cl95vlxr
3628,usr_ln21rz4z
3629,usr_t2w1g73u
3630,usr_xxadqs23
3631,usr_3e3xoxoc
3632,usr_io4ae1xd
3633,usr_qwi5bltg
3634,usr_jufxg4lb
3635,usr_lupvallh
3636,usr_7cntzwhf
3637,usr_oebmpk31
3638,usr_wwkvk8fj
3639,usr_3bxt3iqf
3640,usr_35d1yy45
3641,usr_2gsf2i0n
3642,usr_4s31v52l
3643,usr_1x9rubyf
3644,usr_otgzarlf
3645,usr_78bpwxsd
3646,usr_z1d0t4sr
3647,usr_gp3tf4q0
3648,usr_singl1sm
3649,usr_ez7ardpm
3650,usr_261wn5o2
3651,usr_zikrnw8c
3652,usr_3bbw4dkh
3661,usr_4i2wgoo9
3674,usr_hgf4z0sr
3688,usr_zcy3alpx
3697,usr_gim096av
3709,usr_cwy13k0m
3713,usr_8j3jukug
3714,usr_cmgtncoi
3717,usr_xwul6e3t
3803,usr_j8d31b0e
3805,usr_8ejr33tw
3806,usr_t6mp1qmi
3807,usr_kok2mipa
3808,usr_jg7dt8m0
3809,usr_y3lh40a0
3810,usr_a806wzs4
3811,usr_utlbfnab
3812,usr_cv1r8rxa
3813,usr_1hg7yokr
3814,usr_v729blqw
3815,usr_acs3yn0z
3816,usr_26avcjr7
3817,usr_1ufz8j2w
3818,usr_dfct220f
3819,usr_zqmei10l
3820,usr_mxqhu1h8
3821,usr_1mqfvncj
3822,usr_rnxx1p6l
3823,usr_jj3yi623
3824,usr_whl4mbiw
3825,usr_d7hmxpyr
3827,usr_bxi6hrjb
3828,usr_xupu2ffm
3829,usr_jvhzf2td
3830,usr_7bwdyhfk
3831,usr_y0hdygla
3832,usr_4l8npn4h
3833,usr_1hb75tqh
3834,usr_28fzwdu7
3835,usr_7084bp3y
3836,usr_mq7fjmrn
3837,usr_6t86aqo2
3838,usr_edjeqdo0
3839,usr_5vhwltj4
3840,usr_m4dyym3b
3842,usr_r7a19cr3
3844,usr_fg349jeu
3845,usr_5q3xxtne
3846,usr_xjvrukow
3847,usr_hyqi7eul
3848,usr_47st6b8n
3850,usr_aopzrnhh
3851,usr_xrd6rnzh
3852,usr_lwwhhp0m
3853,usr_ikv1zr71
3854,usr_8230wjvw
3855,usr_ckyir6f9
3856,usr_945d1rsj
3857,usr_1l51dkl9
3858,usr_3h2sui8j
3859,usr_a3xkbr85
3860,usr_qkq7o16c
3861,usr_f3bm9f5n
3862,usr_xm8oei90
3863,usr_bfhjjsvx
3864,usr_ru7cm378
3865,usr_7xux0enu
3866,usr_6zqoo1g6
3867,usr_7psn8jjz
3869,usr_b902d5kk
3870,usr_5zg036q9
3871,usr_z064d8lh
3872,usr_0r1qm9up
3873,usr_ri5b12v1
3874,usr_gidfxvcn
3875,usr_bu2xc443
3876,usr_uoo1vm7g
3878,usr_lwrplyok
3879,usr_01o9737c
3880,usr_a3l79ebn
3882,usr_fdbuycgl
3883,usr_sd3r5f1s
3884,usr_ade0r688
3886,usr_86it1800
3887,usr_r3ofji53
3888,usr_3wtikkxs
3889,usr_q1a2y0n3
3890,usr_cmcpqe5c
3891,usr_ot6hpt3y
3892,usr_u9s2np0f
3893,usr_0z7u41wp
3894,usr_3ojmmw5s
3895,usr_989wd3ls
3896,usr_i0tk9suj
3897,usr_tp67b26n
3898,usr_8mid3ex3
3899,usr_76k4q669
3900,usr_fqq4933e
3901,usr_n6z9yniu
3902,usr_ldefev76
3903,usr_cyl0509f
3905,usr_y3gg9795
3906,usr_ygr45mlu
3907,usr_bx5zp8vu
3909,usr_dw6b29zx
3910,usr_di83xadg
3912,usr_xbrmym5m
3913,usr_ekhg2way
3914,usr_7b8h04kw
3915,usr_rsmkw1rm
3916,usr_zjllq70j
3917,usr_jp99ysly
3918,usr_558orc0z
3920,usr_5k7o7i4q
3922,usr_zgp7lnb8
3923,usr_p3xjqxjk
3924,usr_m9ta2lga
3925,usr_k99ident
3926,usr_241eyno9
3927,usr_6vl9a2mu
3928,usr_tcpzfk7a
3930,usr_1h6oy5cu
3931,usr_li38njra
3932,usr_3pmy5jum
3933,usr_4gu3w5gv
3934,usr_2ijki5d9
3935,usr_g5y68x11
3936,usr_s839rkmz
3937,usr_3wr03s12
3938,usr_606d4aos
3939,usr_lw2r0xwk
3941,usr_dz1aajpw
3942,usr_7msun2t8
3943,usr_nfgntpwx
3944,usr_4ky9j503
3945,usr_s2yeo0vk
3946,usr_2o4vg62n
3948,usr_ud9ux6cn
3949,usr_bl729lsu
3950,usr_jtpkz59a
3952,usr_edvgg5b5
3956,usr_k6xdx4ps
3958,usr_byfmorfc
3959,usr_34rbrqgu
3960,usr_uem5d6g1
3961,usr_zol3xocu
3963,usr_dhq23d7s
3967,usr_073700gy
3968,usr_wu8njtfd
3969,usr_y1ea1vug
3970,usr_ll2tgufd
3971,usr_s4rz32fe
3972,usr_jx2u8r2i
3974,usr_g99bfviu
3976,usr_opqylm1w
3978,usr_fjlr2m9h
3979,usr_6jlkjdv7
3982,usr_yx1e7gym
3983,usr_l83rnq81
3984,usr_gr082kc1
3986,usr_d9zj3jvw
3987,usr_2uwy7d0a
3988,usr_2dptpq5f
3989,usr_k7l2zfun
3990,usr_4a07z4qo
3993,usr_fsvrdl6r
3996,usr_x2tyntxb
3997,usr_ab9w9c3h
3998,usr_cbw3ggtc
4003,usr_h0tg3u5z
4004,usr_07eoj2em
4005,usr_qsj26txn
4006,usr_6bbvw6qi
4007,usr_maqfkg21
4010,usr_wu1876kg
4011,usr_drgq1c3b
4012,usr_zvvl5jck
4013,usr_8o8iw0u8
4015,usr_xeli24x6
4018,usr_aktkrexa
4021,usr_tx64ah07
4022,usr_iwhnmcwg
4023,usr_yh39qs72
4024,usr_ifdvtvnc
4025,usr_fdek6eem
4026,usr_7uf24834
4027,usr_ulek126k
4029,usr_arkvq4a0
4030,usr_1tblc85y
4103,usr_2ff8q433
4104,usr_yd120quo
4116,usr_2k2uj62p
4118,usr_lua1xjz0
4127,usr_0d50hw7v
4133,usr_ua19alze
4142,usr_c06nxm88
4145,usr_1j1smhkv
4149,usr_38mmvndg
4154,usr_jz6nt1qj
4155,usr_g5ebstbc
4158,usr_1vxm4fxk
4161,usr_uqvfmb2h
4169,usr_0zmlkp73
4279,usr_hdltckxc
4286,usr_1ocdnq8p
4291,usr_x2y03eu0
4296,usr_g9f4cfjm
