peregrine_tasker_id,meta_external_id
1,srt_meta_bqhgccr5
2,srt_meta_ckl7rgin
3,srt_meta_cnm34wol
4,srt_meta_37uumdy9
5,srt_meta_6q1ebyol
24,srt_meta_fp95m92j
28,srt_meta_arbm36fa
34,srt_meta_68qfkj1s
35,srt_meta_xuz6kycb
37,srt_meta_6le86127
39,srt_meta_s2ppz4t2
40,srt_meta_ecwkxgci
41,srt_meta_9fsusqwx
47,srt_meta_8e1v003x
48,srt_meta_xc77e1s8
50,srt_meta_b2clqtzc
51,srt_meta_nb7axi1i
54,srt_meta_bs4ta3iq
57,srt_meta_q3k13dno
59,srt_meta_oye5s1jf
61,srt_meta_rom01u1k
63,srt_meta_6b1qs2xq
66,srt_meta_w5juiffm
69,srt_meta_me5b9lho
70,srt_meta_6tws87ku
71,srt_meta_ehmn4nq8
72,srt_meta_moi8pdze
77,srt_meta_f234k3f2
79,srt_meta_5y0qhtd1
86,srt_meta_1w6h86e8
95,srt_meta_lz8ygntc
101,srt_meta_dyhz9pvk
102,srt_meta_8oa9s03r
103,srt_meta_5jihhp17
108,srt_meta_k86wr8gs
110,srt_meta_27d6kti1
111,srt_meta_1rtrehbd
112,srt_meta_a8xdawsi
113,srt_meta_6e5vh9cl
114,srt_meta_g1bcmcdw
115,srt_meta_9aqwy8f4
116,srt_meta_ud7n61ll
117,srt_meta_ewfjjyhi
122,srt_meta_epmdv4zj
123,srt_meta_22rmnylu
125,srt_meta_iezbycdf
126,srt_meta_cqqbda1f
129,srt_meta_njzh0in1
135,srt_meta_6lbn3b83
136,srt_meta_1794mja7
138,srt_meta_49i3ucnu
142,srt_meta_vmzcl2sq
145,srt_meta_qnz0syvk
147,srt_meta_06fdxdp1
149,srt_meta_w0ekez23
156,srt_meta_0h7ub67c
160,srt_meta_6oswoemk
161,srt_meta_gc3k1e1m
163,srt_meta_ut5d0si1
164,srt_meta_nyy67w01
166,srt_meta_0jek44ov
176,srt_meta_wuzhmsw2
178,srt_meta_p7kw7m5h
179,srt_meta_o5yc8xn5
180,srt_meta_uwbkjl1l
181,srt_meta_qsagchr5
189,srt_meta_0mjmfs82
191,srt_meta_12v1xxro
193,srt_meta_aoapk07s
196,srt_meta_aup9ugkr
207,srt_meta_ybdae73g
208,srt_meta_vn51v2cc
210,srt_meta_d8nxjjr9
211,srt_meta_tl7636ms
212,srt_meta_l3yht7fd
213,srt_meta_hjtj1o3l
217,srt_meta_u2mjemp5
218,srt_meta_7lgo6ynh
222,srt_meta_9rjm022x
225,srt_meta_jam7rzwo
226,srt_meta_lf833yi8
227,srt_meta_h41pp5a0
229,srt_meta_j6v976ht
234,srt_meta_wajjih82
235,srt_meta_2jwdyr00
236,srt_meta_zxvqvr7c
237,srt_meta_n1hvq4y2
249,srt_meta_q0s1zbtc
250,srt_meta_4k9n4ksz
251,srt_meta_6lwhqfbr
253,srt_meta_0ovktf95
255,srt_meta_wcxb85bx
259,srt_meta_0h6cwe6b
265,srt_meta_yo2e33dx
268,srt_meta_mv8xfv2m
269,srt_meta_nsfdeevy
271,srt_meta_cj8110sa
272,srt_meta_bvsxlnc8
274,srt_meta_yw6umzzz
276,srt_meta_j0aidk6k
278,srt_meta_uxhudz5r
280,srt_meta_sb92yg2v
283,srt_meta_h8hqbdbo
286,srt_meta_l08nxdv7
288,srt_meta_qubc34f8
292,srt_meta_0bdyih6h
293,srt_meta_sh45bz66
294,srt_meta_r2u1zo7i
295,srt_meta_xrsgg3k3
296,srt_meta_cxinnx9y
298,srt_meta_fsxvfwk2
301,srt_meta_m01cimg8
305,srt_meta_1bwy19od
310,srt_meta_m2c65vsg
311,srt_meta_9sbzv5dc
313,srt_meta_xtjqir1n
320,srt_meta_ef3nztu4
323,srt_meta_17r3d0kt
325,srt_meta_iqs3t6js
328,srt_meta_y2l5ny38
337,srt_meta_wb0fo2j6
339,srt_meta_ffgsk0pm
342,srt_meta_chbl77zw
345,srt_meta_xhvba8yq
346,srt_meta_8r3r2ug1
350,srt_meta_sxj8xg8g
352,srt_meta_z4ixnyyp
354,srt_meta_c8mwm6kc
355,srt_meta_fy3oeefg
357,srt_meta_yu8yu0vf
361,srt_meta_lnchjl7y
363,srt_meta_yaoki1nz
364,srt_meta_wi0tqu30
368,srt_meta_hv31uvj1
370,srt_meta_4zptzuef
374,srt_meta_8qjtgpcl
375,srt_meta_fhix9hib
378,srt_meta_2v6s4ncj
381,srt_meta_4bfe052s
383,srt_meta_widwp0sr
385,srt_meta_u1rq3xfx
389,srt_meta_lj52t3cj
392,srt_meta_5b5b0l13
394,srt_meta_j0cwwk60
395,srt_meta_xa1zbcb6
396,srt_meta_4gd3ozew
397,srt_meta_megeuuup
400,srt_meta_fs7oo3xr
402,srt_meta_hn964ke2
403,srt_meta_1jcxx8kw
405,srt_meta_24034vnu
410,srt_meta_oh2jr9gp
412,srt_meta_3sdrklrs
419,srt_meta_wkcxjm8z
421,srt_meta_yi71jojk
423,srt_meta_oxvduzta
425,srt_meta_taso088u
429,srt_meta_8qwo231j
430,srt_meta_mujsld8l
434,srt_meta_65kgie3v
435,srt_meta_61j87jl2
438,srt_meta_j0egnjql
440,srt_meta_sswtydpi
441,srt_meta_i3xh14je
445,srt_meta_x413ge4a
446,srt_meta_rpnf852d
447,srt_meta_yf3r9m06
449,srt_meta_0i98rst2
451,srt_meta_ysuhv128
452,srt_meta_k9pcnhhz
455,srt_meta_f4j9tmju
457,srt_meta_w2uu1hfw
459,srt_meta_tscg06bw
461,srt_meta_7lfcu9x9
462,srt_meta_tj0p05b2
468,srt_meta_10flnibm
469,srt_meta_8rqy376o
470,srt_meta_sagnd5zj
471,srt_meta_6q4ky81c
473,srt_meta_pgy4r682
475,srt_meta_f57hzzls
476,srt_meta_gjg2insg
478,srt_meta_niasav0x
481,srt_meta_yv8arftl
485,srt_meta_imueo9lc
488,srt_meta_38le9w8c
492,srt_meta_m1swjjyq
493,srt_meta_tjr3qfz9
497,srt_meta_7z2tz8f0
499,srt_meta_6rmxf20o
500,srt_meta_qsw0f3p1
502,srt_meta_jlv7xy81
509,srt_meta_nv4tmry9
511,srt_meta_683f0o3a
513,srt_meta_2nslhz8c
514,srt_meta_hur280lg
516,srt_meta_kw680q84
518,srt_meta_7k1e3fvs
520,srt_meta_arna9sfr
521,srt_meta_3n9ymnes
522,srt_meta_dopiw9hx
528,srt_meta_d0me7amy
531,srt_meta_la83d784
533,srt_meta_3rr7eji6
537,srt_meta_yr6gyzzq
539,srt_meta_ngamefcg
541,srt_meta_8m2cwe4b
542,srt_meta_nzfxkm56
545,srt_meta_wg57f10d
546,srt_meta_fwmcc1t3
548,srt_meta_tawejqui
552,srt_meta_nmtvukaw
555,srt_meta_e0jmoagk
557,srt_meta_t5vt6v81
562,srt_meta_15z1vhhk
565,srt_meta_tpdtr3qz
566,srt_meta_vmrmmijs
568,srt_meta_1hjqcbfx
571,srt_meta_8mjd6t1h
572,srt_meta_c4rxifwo
579,srt_meta_igppvyzm
593,srt_meta_s0hx21ml
594,srt_meta_xaje9qr4
595,srt_meta_w8grqz5a
596,srt_meta_q5zi03se
598,srt_meta_vzt42zzw
599,srt_meta_t5rixj7p
600,srt_meta_b2hfyo6n
602,srt_meta_r12smhl4
603,srt_meta_ivcvml0s
607,srt_meta_mo3svigx
609,srt_meta_e1ztfgpb
610,srt_meta_mp4doc2c
612,srt_meta_wbbvx34m
619,srt_meta_ya59fkiz
620,srt_meta_pbihfa71
622,srt_meta_6qe2j93m
624,srt_meta_hotpuglc
625,srt_meta_c53g371r
626,srt_meta_6mh1flyo
628,srt_meta_sav2iepz
629,srt_meta_2zuqel3c
630,srt_meta_oq05ir9q
632,srt_meta_r59mbl17
635,srt_meta_6cr9hlow
638,srt_meta_fkqj9abz
642,srt_meta_0noi2863
643,srt_meta_k4sm3c3i
644,srt_meta_yewft1gq
646,srt_meta_t2354tf4
651,srt_meta_v755jjir
653,srt_meta_xfnjfz6f
654,srt_meta_lyjcev81
657,srt_meta_7hlla2x5
659,srt_meta_zzwtuq0o
662,srt_meta_vcvvhogw
663,srt_meta_ltce2otb
664,srt_meta_2rzv2ioi
667,srt_meta_0dvxnq4v
669,srt_meta_q62zq218
673,srt_meta_rytpyei6
675,srt_meta_0pivaxiv
676,srt_meta_ybe7dm7a
678,srt_meta_gkebzfr9
682,srt_meta_o146mji1
683,srt_meta_oprqoft0
684,srt_meta_849mqekr
685,srt_meta_01yjvzl6
688,srt_meta_98nva2uh
689,srt_meta_t4n9adtw
690,srt_meta_g9c63u71
696,srt_meta_z76kdco5
698,srt_meta_kg7v566e
699,srt_meta_1i1gyvmi
700,srt_meta_vxqe1kwf
704,srt_meta_u56gdyx6
705,srt_meta_d1umkpsq
706,srt_meta_ee13q8gp
709,srt_meta_db5dqm5h
715,srt_meta_bnpg2290
717,srt_meta_wbl3pcrl
722,srt_meta_kl610o9u
727,srt_meta_7x58avw9
731,srt_meta_0y9qu9y3
743,srt_meta_f04neiil
744,srt_meta_nu0s6u89
748,srt_meta_elbkzcgm
753,srt_meta_c0l69lo6
757,srt_meta_mdh7mrrl
758,srt_meta_bya77xvl
759,srt_meta_hv6upmr8
761,srt_meta_u52p57ob
762,srt_meta_5g10ydal
765,srt_meta_p8mp81e2
766,srt_meta_fjctwfbe
768,srt_meta_tjy2977e
775,srt_meta_h7ckw9o0
776,srt_meta_mzc3kwuv
777,srt_meta_4v219vsc
780,srt_meta_7ln0wnwb
787,srt_meta_66utznfw
794,srt_meta_xtcvt77v
796,srt_meta_evinxeqt
797,srt_meta_vptai271
799,srt_meta_8xurwy16
801,srt_meta_jb6cw78z
809,srt_meta_601pac0p
810,srt_meta_1t776tzu
816,srt_meta_ry69zp7l
818,srt_meta_yl6g87nk
822,srt_meta_5l3y6b4u
823,srt_meta_y7z93t1n
826,srt_meta_nhih6i6c
827,srt_meta_gbplcup3
829,srt_meta_wqz8wlqu
831,srt_meta_ucv06om1
834,srt_meta_pgaanem5
836,srt_meta_bgdgr1xm
841,srt_meta_hi0701sk
842,srt_meta_96p2zc1i
845,srt_meta_spubxc21
846,srt_meta_n448wcai
848,srt_meta_v0fj6kdy
852,srt_meta_cecefbq5
853,srt_meta_bw8dc7t0
854,srt_meta_k4ivnv4w
855,srt_meta_iqeoxs17
860,srt_meta_qo06g42l
861,srt_meta_i8aptni2
862,srt_meta_v8an3c1c
863,srt_meta_4cqf7og0
868,srt_meta_9sreawrq
869,srt_meta_vitk9i3x
870,srt_meta_li39dwn5
875,srt_meta_8yp3uhtf
878,srt_meta_r0zkvkmy
879,srt_meta_jzm4hc7e
881,srt_meta_3at22n50
882,srt_meta_0uosj0a5
884,srt_meta_pjnrln9r
885,srt_meta_tkbx1zwu
886,srt_meta_th9rqtej
888,srt_meta_c99792du
889,srt_meta_4gz9e356
892,srt_meta_9yqx3x67
893,srt_meta_7k6dssca
897,srt_meta_7guchggr
900,srt_meta_ejio5qeb
908,srt_meta_8ifmhaxs
915,srt_meta_ojg22oyk
916,srt_meta_0xths5y6
924,srt_meta_o846cz42
926,srt_meta_5f833qzr
929,srt_meta_l0u9ai00
931,srt_meta_722mvk3x
932,srt_meta_0o6l989g
935,srt_meta_40gzgjiz
937,srt_meta_1subcr84
939,srt_meta_9uxqgskx
942,srt_meta_tpl3g75q
948,srt_meta_x2s7p5oh
949,srt_meta_z9zjhkxs
952,srt_meta_b81gm1lj
953,srt_meta_z6130lbn
956,srt_meta_yu0zfft8
958,srt_meta_ytpa2ll9
960,srt_meta_pvxroj12
961,srt_meta_imv9351r
963,srt_meta_ubwx3k96
964,srt_meta_jz5rkqcs
966,srt_meta_vqvn592z
967,srt_meta_kc1dqpjo
970,srt_meta_2b5c1w77
979,srt_meta_sa0rsdxf
981,srt_meta_klzbqr6l
985,srt_meta_b1chmy6j
986,srt_meta_91ucvpk9
987,srt_meta_jvsq61yq
989,srt_meta_sd3knp02
991,srt_meta_pxcqzko4
992,srt_meta_mu6qr8ix
993,srt_meta_p3fy58lo
996,srt_meta_czyc5zdy
997,srt_meta_7n8jw6jb
1000,srt_meta_zgw4oqzv
1001,srt_meta_i9cw4tys
1003,srt_meta_j4rf50lv
1004,srt_meta_b9gxe6e8
1005,srt_meta_56fwd80x
1007,srt_meta_zbgpn1ij
1018,srt_meta_g030538y
1021,srt_meta_1mdsyn69
1025,srt_meta_h5tsqos5
1026,srt_meta_zftekqzl
1029,srt_meta_07wflit4
1034,srt_meta_7yukrc3u
1036,srt_meta_qj7d1zn5
1037,srt_meta_0xliitr5
1038,srt_meta_cj0dr9cg
1040,srt_meta_47qpck6x
1043,srt_meta_1rua8e77
1045,srt_meta_94ptewng
1047,srt_meta_z3ie5862
1048,srt_meta_thl2eq2m
1051,srt_meta_yu2rx6zb
1053,srt_meta_b4ya9t54
1055,srt_meta_i9qn3d3m
1057,srt_meta_i7mbcnqo
1062,srt_meta_bvbdsjn8
1065,srt_meta_7c7x4jyw
1066,srt_meta_3etmwv4y
1067,srt_meta_n3gl82sx
1068,srt_meta_mgr8qq5q
1070,srt_meta_g1isxpjp
1071,srt_meta_umgfeqwf
1074,srt_meta_grqhf8e8
1075,srt_meta_e2u585hr
1077,srt_meta_5mer3rvi
1078,srt_meta_jrivlj28
1081,srt_meta_1r18a64f
1084,srt_meta_7wqjtbz0
1087,srt_meta_j585pz5k
1089,srt_meta_tm43s7vr
1094,srt_meta_mr1182xa
1095,srt_meta_roypwgzg
1096,srt_meta_todu90z7
1097,srt_meta_pjocroo2
1099,srt_meta_xeog4ekk
1100,srt_meta_nqr3v7qp
1101,srt_meta_kjkb9s4o
1106,srt_meta_9d49tafp
1109,srt_meta_zzqgyxdh
1112,srt_meta_4sm00ffi
1115,srt_meta_0tes70pb
1117,srt_meta_vmvx10jz
1118,srt_meta_w93tfiil
1119,srt_meta_qn711dsc
1120,srt_meta_lp9ke8bt
1121,srt_meta_i0dvyl7p
1123,srt_meta_kj6leomi
1124,srt_meta_ddyrwqp2
1132,srt_meta_d6dzjchx
1138,srt_meta_dfufc8ez
1141,srt_meta_zc6ipc2n
1142,srt_meta_105m0yu3
1147,srt_meta_6orz37ks
1149,srt_meta_0nxk59u8
1150,srt_meta_q2hwl9yn
1152,srt_meta_habnv6ts
1153,srt_meta_luxrnz9c
1154,srt_meta_xoy4vkai
1158,srt_meta_efo2wukg
1166,srt_meta_85oaqepp
1167,srt_meta_6922ssi7
1169,srt_meta_3yy0zmav
1170,srt_meta_fax01vjl
1172,srt_meta_oi0f7cm3
1177,srt_meta_o4ybfcwi
1179,srt_meta_xpi8apdu
1181,srt_meta_ewg2ht1b
1182,srt_meta_qg2bot3j
1183,srt_meta_qz5gnqmp
1186,srt_meta_wapz3hsb
1188,srt_meta_vrrffbok
1189,srt_meta_p4gva15z
1191,srt_meta_68aji6j4
1195,srt_meta_qdswxu03
1200,srt_meta_pxvqn1l1
1204,srt_meta_xauzw733
1206,srt_meta_bpcimh1f
1218,srt_meta_fj0n1a02
1222,srt_meta_yju26i9k
1223,srt_meta_1l0xeskx
1224,srt_meta_advn97x7
1227,srt_meta_f3cclfvw
1228,srt_meta_gd7c3zi3
1229,srt_meta_w049j1k4
1231,srt_meta_wyegwe1g
1234,srt_meta_hm83cgf5
1236,srt_meta_1n15tijz
1242,srt_meta_x7uo1q8c
1243,srt_meta_afmsgx10
1246,srt_meta_xzo4s6bk
1247,srt_meta_phlxa346
1250,srt_meta_2x1dff1i
1251,srt_meta_dex0chv0
1255,srt_meta_747weu1r
1257,srt_meta_39lnas8o
1258,srt_meta_1kktsw0e
1259,srt_meta_tb2liqym
1261,srt_meta_gl5qthyn
1262,srt_meta_rl2xxcee
1264,srt_meta_v5q3qd0w
1265,srt_meta_nw5nibyk
1266,srt_meta_hovmkjcw
1268,srt_meta_gzn9xo3g
1269,srt_meta_d1fq00vl
1272,srt_meta_uw39xdqm
1276,srt_meta_vcimza6x
1277,srt_meta_nny0x3ab
1278,srt_meta_dk2v768y
1281,srt_meta_94s4qsok
1282,srt_meta_h51psyci
1286,srt_meta_6k30x5j3
1292,srt_meta_w2bom85e
1293,srt_meta_7vo46ubb
1295,srt_meta_1c320ykt
1296,srt_meta_83yyy5jt
1298,srt_meta_d5t0la1m
1299,srt_meta_di80u5sh
1300,srt_meta_c7xhpl6b
1302,srt_meta_nq7r0vqo
1303,srt_meta_zyxxzb1s
1305,srt_meta_ojr66afg
1306,srt_meta_zymgyv4p
1310,srt_meta_lnw42a4u
1312,srt_meta_d1eolr0f
1314,srt_meta_dct4z1ai
1316,srt_meta_w8dm35sa
1318,srt_meta_svo4pmob
1328,srt_meta_gw6e0rsi
1329,srt_meta_2ot8eiwj
1330,srt_meta_309e3cyk
1331,srt_meta_pr1frzbs
1332,srt_meta_vibc1o5k
1333,srt_meta_020tje5h
1335,srt_meta_s498rhqe
1337,srt_meta_gnnnzpv2
1343,srt_meta_hkf4g7zi
1344,srt_meta_z3t5r86z
1345,srt_meta_x3wriagt
1348,srt_meta_y1cootsy
1350,srt_meta_3xywqi2d
1354,srt_meta_ey07neu6
1356,srt_meta_mln3jojd
1361,srt_meta_l1m8gjp6
1365,srt_meta_uslxty2m
1369,srt_meta_ru6x4tqa
1370,srt_meta_c0ar3ll4
1377,srt_meta_pu32ziy6
1381,srt_meta_i0abegpp
1382,srt_meta_l848x3u4
1388,srt_meta_9w1oy2jh
1395,srt_meta_dh3lblbq
1399,srt_meta_itdvhi19
1403,srt_meta_bb7pvjrf
1405,srt_meta_lvo047h8
1406,srt_meta_fc2x4oim
1409,srt_meta_l07eedkq
1410,srt_meta_e9xy77ip
1411,srt_meta_2akemah4
1413,srt_meta_6bldwsgi
1414,srt_meta_q0thm7a1
1415,srt_meta_6u9dke6y
1420,srt_meta_tw64mlfv
1424,srt_meta_u2d8qyki
1426,srt_meta_uyzspt0f
1429,srt_meta_z0uev9nq
1430,srt_meta_2rscr3mp
1431,srt_meta_pofy2rv4
1433,srt_meta_mh2rryj3
1434,srt_meta_yby3tvw7
1435,srt_meta_ck8sg54l
1437,srt_meta_c3620v7q
1445,srt_meta_1n50g692
1446,srt_meta_ycwi3c36
1448,srt_meta_er1hvdt5
1450,srt_meta_3tlr6yhw
1453,srt_meta_agczmq09
1457,srt_meta_3yriu00z
1460,srt_meta_ish64ji7
1461,srt_meta_hta6tisn
1463,srt_meta_kbmlq7d0
1464,srt_meta_bu0q41k4
1465,srt_meta_p24gtzi1
1466,srt_meta_2erqvf7m
1468,srt_meta_r7eoseou
1470,srt_meta_fzuw75nj
1471,srt_meta_25e3wodq
1474,srt_meta_30si70t5
1475,srt_meta_1uhlb34i
1477,srt_meta_r671c7yb
1478,srt_meta_vci6pr5h
1480,srt_meta_ljj060wl
1482,srt_meta_65j04grq
1483,srt_meta_m3ls7eqn
1497,srt_meta_1yrhxxrm
1500,srt_meta_22hj6jyq
1507,srt_meta_eigx1lr0
1510,srt_meta_xqgkvq4t
1513,srt_meta_nsms9j0p
1514,srt_meta_hmx0lw7y
1515,srt_meta_09q5mq9b
1516,srt_meta_axp0mddw
1519,srt_meta_rt6u8p56
1522,srt_meta_n015d1zt
1524,srt_meta_cmjqshp0
1527,srt_meta_23nxb6n1
1528,srt_meta_vkttdyig
1538,srt_meta_jv5qx1j0
1539,srt_meta_t3tz0lag
1540,srt_meta_jjxiikd0
1542,srt_meta_ic22waat
1544,srt_meta_c4tt5u0h
1546,srt_meta_fnof26aa
1548,srt_meta_8hi2xl1j
1550,srt_meta_046lz6lc
1556,srt_meta_sb2axyd8
1557,srt_meta_5nftqctm
1561,srt_meta_34rcbvfe
1562,srt_meta_t6qlu0js
1563,srt_meta_6i890l74
1564,srt_meta_v90eld4g
1567,srt_meta_dcct69ez
1571,srt_meta_fk9x3jyp
1578,srt_meta_zbr4sbu4
1580,srt_meta_ah68o6hx
1583,srt_meta_v3b99qcd
1584,srt_meta_hjqk4aad
1587,srt_meta_jy0u8k8d
1589,srt_meta_fc889wl7
1594,srt_meta_ca9041h4
1595,srt_meta_h2gc787n
1596,srt_meta_wqw50x30
1600,srt_meta_d39ez1xn
1604,srt_meta_4m2tpcjq
1606,srt_meta_m8jfptx0
1608,srt_meta_fwj5p41p
1612,srt_meta_pp4xmmkd
1617,srt_meta_eo2sndbm
1618,srt_meta_2z4ia4h7
1621,srt_meta_t15fuz95
1624,srt_meta_xxl0s1n7
1626,srt_meta_902m4b6i
1632,srt_meta_7y8gbmfu
1635,srt_meta_gibw8dtu
1636,srt_meta_r0jr55it
1637,srt_meta_m6gzd2en
1638,srt_meta_ilczzl11
1639,srt_meta_ces987sm
1641,srt_meta_cr9rcnx2
1643,srt_meta_w4ebofcy
1644,srt_meta_2n65z219
1645,srt_meta_yf39shg8
1646,srt_meta_nkgkr0gw
1649,srt_meta_jhotlhhb
1650,srt_meta_kxl9tiwv
1651,srt_meta_5oekgbh0
1653,srt_meta_hbwly607
1654,srt_meta_hhcgqnbb
1656,srt_meta_dzvfcozd
1658,srt_meta_45poufdh
1663,srt_meta_lg8ld6x0
1666,srt_meta_fnd5mw1f
1668,srt_meta_7jbtvik8
1673,srt_meta_k6nyboyu
1674,srt_meta_xklhi19o
1676,srt_meta_zx2yv83u
1677,srt_meta_c06jw3xl
1680,srt_meta_rwcpo28o
1682,srt_meta_tns5oqcp
1684,srt_meta_vxxyfie2
1685,srt_meta_fra5zol9
1686,srt_meta_231cambd
1687,srt_meta_g2hjun7o
1689,srt_meta_yg3tyrmc
1691,srt_meta_wepqv30w
1692,srt_meta_ihkdxhm5
1694,srt_meta_9l20pa7l
1697,srt_meta_u7f1yb2j
1698,srt_meta_y8hwoyh8
1701,srt_meta_xmxidsr5
1702,srt_meta_avg0z8xp
1703,srt_meta_3shqxgt9
1706,srt_meta_mnnxs2li
1707,srt_meta_23r2b9xa
1708,srt_meta_tcjxqygy
1711,srt_meta_nzluwcda
1713,srt_meta_sk3aptej
1714,srt_meta_s5iwhmbo
1717,srt_meta_u773jnpl
1720,srt_meta_c3iwdm5p
1722,srt_meta_s3mmxozp
1723,srt_meta_17i0fp0a
1728,srt_meta_hf6fl9rc
1730,srt_meta_8muxp19b
1733,srt_meta_mq9vp402
1734,srt_meta_f56c8r31
1735,srt_meta_6vie6s6l
1737,srt_meta_dotq2mwj
1741,srt_meta_cjuxp9z3
1743,srt_meta_h63me9s5
1751,srt_meta_7an28fm0
1752,srt_meta_w8v1hrbj
1753,srt_meta_8h5gcji7
1754,srt_meta_281oymx7
1756,srt_meta_z1xm4265
1757,srt_meta_3s6x0wsm
1758,srt_meta_fpxio7av
1770,srt_meta_it96uo1x
1773,srt_meta_00ej4pti
1774,srt_meta_1xkd02iz
1781,srt_meta_ssugbutv
1785,srt_meta_0vyxi98c
1786,srt_meta_80nb8vl2
1790,srt_meta_fuxftyr8
1792,srt_meta_ykkhbj7g
1793,srt_meta_vykw3tl3
1795,srt_meta_tedzpqwp
1798,srt_meta_cprggdsr
1799,srt_meta_0h9j4go6
1802,srt_meta_7o52wizg
1803,srt_meta_d8fpcx7j
1807,srt_meta_wleb14pj
1809,srt_meta_c045od9p
1810,srt_meta_ves0gkq8
1811,srt_meta_ne5cihbb
1812,srt_meta_i3ybesit
1814,srt_meta_7ir440z4
1816,srt_meta_n26ni6d3
1822,srt_meta_kn117fhe
1829,srt_meta_tunp1jy8
1830,srt_meta_dy2bmb6k
1835,srt_meta_1jfsadzr
1836,srt_meta_k9e2gap0
1838,srt_meta_9ppang74
1839,srt_meta_awikcrno
1842,srt_meta_52avw3az
1843,srt_meta_ub508zj3
1848,srt_meta_a0mqun8a
1852,srt_meta_qzv33h2n
1856,srt_meta_9vwzx71g
1857,srt_meta_vmgobyrb
1858,srt_meta_1gtku1xe
1860,srt_meta_tym3awio
1865,srt_meta_781m8g06
1874,srt_meta_o214p9ey
1876,srt_meta_o0um99e9
1878,srt_meta_qapo23ig
1884,srt_meta_uodkv36r
1885,srt_meta_gay1q3lf
1886,srt_meta_xb8xcrt9
1890,srt_meta_7fzpbtwa
1892,srt_meta_0gh4qpra
1900,srt_meta_85eyubgb
1901,srt_meta_8ql69mk0
1903,srt_meta_2qlr02zf
1904,srt_meta_l989r6ik
1907,srt_meta_up5us5by
1909,srt_meta_clxbp2i9
1913,srt_meta_hpxu0jse
1914,srt_meta_r3bv2zs5
1918,srt_meta_hq5dkvks
1919,srt_meta_w6g5tsk1
1920,srt_meta_74hc6rtb
1922,srt_meta_rvoajwpe
1924,srt_meta_tlfhrty0
1925,srt_meta_b8e51816
1928,srt_meta_84er9uec
1931,srt_meta_1tk0w843
1932,srt_meta_9xxbfvdy
1938,srt_meta_ugnxtf6w
1940,srt_meta_0v45fiha
1941,srt_meta_swcf942i
1945,srt_meta_9jtvjwln
1949,srt_meta_iyfmd2um
1951,srt_meta_5nyq42w1
1957,srt_meta_xpic3f7k
1961,srt_meta_d1w2okk6
1967,srt_meta_fuv0kbtg
1976,srt_meta_woh9wc3t
1979,srt_meta_0wto7h6n
1984,srt_meta_st6tg08g
1985,srt_meta_mmpwrx91
1989,srt_meta_k5m9npiv
1993,srt_meta_azmknx01
1995,srt_meta_y15q0ql1
1996,srt_meta_hws7sdnj
1997,srt_meta_lc43qpru
1998,srt_meta_0xnlpla7
2001,srt_meta_xj35e4pb
2002,srt_meta_idp5jxm0
2003,srt_meta_1qskll02
2004,srt_meta_rh18wbuq
2005,srt_meta_8gckzmtx
2008,srt_meta_8yq7ag59
2013,srt_meta_pygjl5ks
2015,srt_meta_toyedd8c
2026,srt_meta_p927ir6e
2027,srt_meta_6024mmqi
2030,srt_meta_lr2a1954
2032,srt_meta_hesu647k
2034,srt_meta_hbimjj7e
2036,srt_meta_agzttmcn
2038,srt_meta_3zkur0by
2039,srt_meta_05ubh35i
2042,srt_meta_m0i7urix
2044,srt_meta_e5ipvstx
2045,srt_meta_qwg12uhn
2049,srt_meta_mhj1ob22
2050,srt_meta_ia7hp4c1
2051,srt_meta_8wl90cgr
2058,srt_meta_5736oeqn
2059,srt_meta_qc1nhde2
2061,srt_meta_03kw9gid
2071,srt_meta_6j4iro7i
2080,srt_meta_3lenbysv
2082,srt_meta_cepjer93
2083,srt_meta_v5v2zge1
2086,srt_meta_hbrcbfxc
2090,srt_meta_siyqmo0g
2091,srt_meta_wi2gxpz2
2093,srt_meta_3b9e0oea
2096,srt_meta_b6115v1f
2103,srt_meta_o8ez13kq
2104,srt_meta_ajjee5z3
2105,srt_meta_c2yp910d
2114,srt_meta_fblgnoyl
2116,srt_meta_n4fi8nd5
2118,srt_meta_yqflm99v
2122,srt_meta_o9rgpp0x
2123,srt_meta_sww4ekpa
2127,srt_meta_yu9lj2p6
2130,srt_meta_0exo6ytn
2131,srt_meta_3bo902yc
2132,srt_meta_rh1fyfkm
2134,srt_meta_iziavg3s
2137,srt_meta_03glzqrp
2139,srt_meta_0vbjf222
2141,srt_meta_7hnbw5aa
2147,srt_meta_asg829w6
2149,srt_meta_h9zy796w
2150,srt_meta_qwcghjsx
2153,srt_meta_ckmgruoc
2154,srt_meta_1dql9nb3
2158,srt_meta_0l89jx4d
2160,srt_meta_t8z4ppid
2161,srt_meta_usvfl4p3
2162,srt_meta_jjb9t893
2163,srt_meta_ny402lk1
2164,srt_meta_p30j8yo2
2165,srt_meta_3ut7ptxt
2169,srt_meta_92qgp3mv
2172,srt_meta_p3re4gy9
2173,srt_meta_879d1wmm
2178,srt_meta_2dbmu22z
2179,srt_meta_532z8hvx
2183,srt_meta_vkfnwlnu
2184,srt_meta_oui64d64
2185,srt_meta_7e0910z4
2187,srt_meta_pz2g4lii
2195,srt_meta_zdz9po7t
2198,srt_meta_5urkw9og
2202,srt_meta_zxxxgzip
2203,srt_meta_tjt6wmwg
2206,srt_meta_uyq2b7rn
2207,srt_meta_8cf0jobr
2210,srt_meta_b06ilgja
2214,srt_meta_w6fxpl4t
2216,srt_meta_heyrqczo
2217,srt_meta_h267r4kb
2227,srt_meta_nj4rjl5r
2228,srt_meta_h4pr0ult
2229,srt_meta_zpiqanjy
2230,srt_meta_kssez94n
2233,srt_meta_wn3cm0n9
2236,srt_meta_6nzkbqmb
2239,srt_meta_xkj77gwi
2240,srt_meta_1t1jlu0u
2241,srt_meta_oczda8rk
2242,srt_meta_r9kunavp
2246,srt_meta_o67pv8n9
2247,srt_meta_gbve5xjh
2248,srt_meta_28hfzc20
2253,srt_meta_3xeoi3o3
2258,srt_meta_sr8q019b
2259,srt_meta_8cqn5uyi
2260,srt_meta_s00sfjri
2266,srt_meta_p54ofgty
2267,srt_meta_ms2t1ss0
2273,srt_meta_nhuw01fk
2278,srt_meta_1lnz1f2i
2279,srt_meta_6r82wgnt
2283,srt_meta_cwad90no
2285,srt_meta_b5503q9j
2289,srt_meta_lunw7ryz
2290,srt_meta_jwkcjz8r
2292,srt_meta_10bwnpkt
2293,srt_meta_a8a60r5n
2296,srt_meta_xql4h0yi
2299,srt_meta_is0mbo4z
2300,srt_meta_clgbqrs6
2301,srt_meta_nzmikro9
2302,srt_meta_k93l8y06
2305,srt_meta_6mh219d7
2306,srt_meta_dfzp85tn
2307,srt_meta_6rjghz1u
2308,srt_meta_9ylu4et9
2309,srt_meta_9byfn1bk
2312,srt_meta_6io3pb14
2316,srt_meta_m5tuq5q3
2319,srt_meta_jwj0xwv2
2321,srt_meta_ef14ilr3
2325,srt_meta_68qelpgp
2328,srt_meta_uckyjm9v
2331,srt_meta_cn213dre
2332,srt_meta_qxnop4kw
2333,srt_meta_1904hvr1
2334,srt_meta_gp9i7o80
2335,srt_meta_fft1740f
2336,srt_meta_1ciloqge
2338,srt_meta_xu32sy3d
2339,srt_meta_6eux8c2s
2340,srt_meta_xwl0s6nw
2341,srt_meta_803gd71t
2344,srt_meta_52302bmv
2345,srt_meta_e27r9m5u
2347,srt_meta_csba4be0
2351,srt_meta_drmk79p1
2352,srt_meta_3fa5pxse
2354,srt_meta_e5da2167
2355,srt_meta_2zr5wa8s
2358,srt_meta_dy1f6lgn
2364,srt_meta_c1b63kqx
2365,srt_meta_f9k9qs45
2366,srt_meta_tzydydky
2369,srt_meta_cdri0hvy
2373,srt_meta_z5aybubp
2374,srt_meta_tbljicd3
2376,srt_meta_p0jnhkjr
2380,srt_meta_hjfkxmp8
2386,srt_meta_i19nj54i
2389,srt_meta_eh0pc252
2390,srt_meta_vgzqayoz
2394,srt_meta_tysw4mni
2395,srt_meta_1u9aq390
2396,srt_meta_b6glxh0w
2402,srt_meta_eeytty0n
2404,srt_meta_5t87ep30
2406,srt_meta_rr01lkr8
2410,srt_meta_4hohjpd6
2413,srt_meta_qtgxytug
2415,srt_meta_w2260qd9
2416,srt_meta_mi2wn3j3
2424,srt_meta_gywiyeie
2425,srt_meta_c7g7s56i
2429,srt_meta_lixw72na
2435,srt_meta_p9m4139k
2437,srt_meta_ei4x9e5y
2444,srt_meta_mqev9ipl
2445,srt_meta_3n1vf4gx
2447,srt_meta_xcj51dda
2449,srt_meta_i9lmp6l1
2450,srt_meta_379odgfj
2455,srt_meta_3cmcphk1
2463,srt_meta_w8js5dhc
2465,srt_meta_ng5uievp
2467,srt_meta_o6ivhtg4
2469,srt_meta_x6u0z0yz
2470,srt_meta_n8amf6tk
2471,srt_meta_ipfs0m66
2474,srt_meta_jslbuthp
2475,srt_meta_ucmhmvn9
2476,srt_meta_2iw8zpwr
2479,srt_meta_z6d28gnn
2485,srt_meta_j0f279k8
2486,srt_meta_p0l8pcm0
2487,srt_meta_ya08us43
2490,srt_meta_z7p9lcn3
2492,srt_meta_wwf20nim
2493,srt_meta_0fdr1w97
2496,srt_meta_oftyjri7
2500,srt_meta_yfk2w8j6
2501,srt_meta_se9dvsvq
2502,srt_meta_t47rlhlg
2503,srt_meta_h01zwvjs
2506,srt_meta_rqn2glqf
2507,srt_meta_caasq46k
2509,srt_meta_vjxr38ai
2511,srt_meta_xs6b5jrz
2512,srt_meta_bie7lqej
2513,srt_meta_k2skrbre
2518,srt_meta_urxyb1qq
2522,srt_meta_qknpkcrh
2524,srt_meta_yqrgnway
2525,srt_meta_iwr3l429
2528,srt_meta_gwdbkjtt
2529,srt_meta_a0dgky1u
2530,srt_meta_nbj43upi
2534,srt_meta_jj1dtgsh
2535,srt_meta_y2go1j1g
2539,srt_meta_gm7twbyf
2540,srt_meta_ly44uo7f
2544,srt_meta_2sajf1mt
2545,srt_meta_k8vjm8j9
2546,srt_meta_a38rbaga
2549,srt_meta_8ic0phd7
2550,srt_meta_l58qt91m
2551,srt_meta_4gnf9lu1
2552,srt_meta_bnq494uy
2553,srt_meta_i11crcpj
2556,srt_meta_ecxk6s8t
2557,srt_meta_xx1f4p5m
2561,srt_meta_pvlnfsas
2567,srt_meta_6sj2mker
2570,srt_meta_t420h35s
2571,srt_meta_3i34xmy2
2573,srt_meta_hqgh0bxj
2576,srt_meta_qqdeui4q
2579,srt_meta_3lva7qpa
2580,srt_meta_50380f76
2583,srt_meta_yznw8r9l
2584,srt_meta_7luhvroy
2587,srt_meta_rejz3vzc
2588,srt_meta_rs9v7nss
2589,srt_meta_abg0ch2q
2590,srt_meta_ebwt6oh1
2594,srt_meta_rbugraii
2596,srt_meta_shk909vp
2597,srt_meta_87at2e21
2598,srt_meta_o8qm3bdr
2600,srt_meta_w5o18hnn
2601,srt_meta_c2xotadb
2602,srt_meta_9wyifmb7
2604,srt_meta_brx204pq
2605,srt_meta_5cu4b8ii
2606,srt_meta_nq7c20mc
2607,srt_meta_8402c31t
2608,srt_meta_ncvscdhm
2611,srt_meta_x0mqreyp
2614,srt_meta_f8pwmfj8
2617,srt_meta_vwrnhfdc
2619,srt_meta_u709yyow
2624,srt_meta_09e2kei6
2625,srt_meta_bhsxrewd
2629,srt_meta_vc19v46b
2633,srt_meta_29ufiowa
2634,srt_meta_fmbn416g
2635,srt_meta_owiu9m6n
2638,srt_meta_y9xn02u1
2641,srt_meta_tikaj5xm
2642,srt_meta_lvam3ta0
2643,srt_meta_swq71v2p
2646,srt_meta_qdwp1pz3
2648,srt_meta_cf1h7328
2650,srt_meta_nkkfv2wl
2655,srt_meta_7ie79tow
2656,srt_meta_9a3mlwi8
2660,srt_meta_kq2rcrm5
2663,srt_meta_8btsrqmj
2668,srt_meta_l5qftbbz
2669,srt_meta_644e12i0
2670,srt_meta_92xbrb37
2672,srt_meta_1b61cq2d
2674,srt_meta_42ir2jpj
2676,srt_meta_oz4al6he
2678,srt_meta_1tnk3fy7
2682,srt_meta_nsry7ay4
2687,srt_meta_oilubmhp
2688,srt_meta_742uc6qh
2690,srt_meta_nqjcqbgk
2694,srt_meta_06uae5yq
2696,srt_meta_8odb5zrn
2703,srt_meta_73qgykvy
2707,srt_meta_ax13sqce
2713,srt_meta_g1jrb62j
2717,srt_meta_nawarh78
2719,srt_meta_oraovpxs
2720,srt_meta_g73kv3t3
2722,srt_meta_f9y2jgiz
2724,srt_meta_oclqt53b
2727,srt_meta_duni9u3w
2728,srt_meta_pvns12kp
2730,srt_meta_kluz1spd
2733,srt_meta_oky9kuga
2737,srt_meta_63s3h17f
2738,srt_meta_v5fovmou
2741,srt_meta_q7k00h1p
2742,srt_meta_egwp8oss
2749,srt_meta_mewoht57
2751,srt_meta_o9houdyc
2754,srt_meta_no6orng9
2756,srt_meta_pmztemrg
2757,srt_meta_ygdei177
2758,srt_meta_09nhpiet
2762,srt_meta_lc5m2ikg
2764,srt_meta_ptf5egrv
2766,srt_meta_pfc2921e
2770,srt_meta_wg8g66yo
2771,srt_meta_r8v8grwz
2772,srt_meta_2ke75489
2776,srt_meta_dd2abk2n
2777,srt_meta_9ud7if0b
2779,srt_meta_ka2upjj0
2780,srt_meta_56zkeav2
2783,srt_meta_6wl7dibb
2785,srt_meta_jg2zubws
2786,srt_meta_i0eaw2za
2787,srt_meta_kdivna4f
2788,srt_meta_psoo9877
2793,srt_meta_zzjl210m
2794,srt_meta_b7hpjmz0
2796,srt_meta_1e53eqon
2802,srt_meta_gvyul4me
2806,srt_meta_so1eg4t8
2809,srt_meta_sj451v0o
2810,srt_meta_6i5ztqy0
2811,srt_meta_waka1mor
2812,srt_meta_58kb83l4
2815,srt_meta_8pwteq05
2816,srt_meta_cisemccl
2817,srt_meta_vy1w6tjl
2822,srt_meta_l5mm0lld
2824,srt_meta_i0k51cj7
2825,srt_meta_6zy6r6md
2828,srt_meta_dw53jv7i
2833,srt_meta_5ylexlqc
2834,srt_meta_a19mv68q
2837,srt_meta_gyawxe1t
2838,srt_meta_44i2qf11
2839,srt_meta_kryxbppm
2843,srt_meta_lnugj45g
2844,srt_meta_h2m1cruj
2846,srt_meta_rw8br4x1
2848,srt_meta_393qpy0v
2854,srt_meta_35p3ea2w
2856,srt_meta_z0y12mvo
2860,srt_meta_awxxx4i5
2862,srt_meta_358q9a0y
2865,srt_meta_y54xkahn
2874,srt_meta_b7tgplbz
2878,srt_meta_grez1xko
2880,srt_meta_7jc7x4gp
2883,srt_meta_w9n76fnm
2884,srt_meta_zd2iw75w
2887,srt_meta_350n9w2w
2891,srt_meta_98b1qtwj
2892,srt_meta_1fywnapy
2893,srt_meta_0x15fzvx
2894,srt_meta_8r4y7i73
2896,srt_meta_y2bh1e12
2900,srt_meta_i3kjy3mr
2901,srt_meta_ajfaf4vb
2903,srt_meta_4z0lau8r
2905,srt_meta_gp0o4lte
2907,srt_meta_g2pph10m
2908,srt_meta_6mn14ols
2909,srt_meta_1ci8obo8
2910,srt_meta_jn1pieen
2911,srt_meta_nipy3kkn
2912,srt_meta_u9a3oo7t
2915,srt_meta_zkc4k7l9
2919,srt_meta_dqoumghn
2921,srt_meta_orpinr4t
2924,srt_meta_3p5lw3yc
2926,srt_meta_pc37u1y1
2927,srt_meta_dk652z1y
2928,srt_meta_i8nnv6t2
2930,srt_meta_wruvaic2
2934,srt_meta_a805iuno
2937,srt_meta_ass37l8x
2939,srt_meta_69w63p8y
2943,srt_meta_xb6w03s3
2947,srt_meta_dy211o01
2952,srt_meta_cit7n6ts
2954,srt_meta_ppsfrzcw
2957,srt_meta_f9503wts
2961,srt_meta_ou28nz2z
2962,srt_meta_f1f2w2bt
2967,srt_meta_rzp4t17r
2969,srt_meta_x9wj8lce
2971,srt_meta_gejlvxjy
2972,srt_meta_wkekcrep
2976,srt_meta_9pj7m5l0
2977,srt_meta_87wndi3t
2978,srt_meta_c52k24fr
2979,srt_meta_vu2v8ua2
2982,srt_meta_kh9m8j52
2985,srt_meta_x5dx9tpq
2987,srt_meta_jq1g0zob
2990,srt_meta_2b0aon4k
2991,srt_meta_oxz4ocod
2996,srt_meta_lqw80gdi
2998,srt_meta_djn1h3hj
2999,srt_meta_m37jx0ry
3000,srt_meta_zmi5le36
3003,srt_meta_0ke5f56q
3006,srt_meta_2w5za68v
3008,srt_meta_x9e7hbyx
3011,srt_meta_vckdc33a
3016,srt_meta_zmq4bprx
3017,srt_meta_42d0de7k
3020,srt_meta_f4uzhlb6
3022,srt_meta_gq98pmkq
3023,srt_meta_vs127boy
3025,srt_meta_dbpgd14y
3028,srt_meta_6dhgfl9m
3029,srt_meta_sprhqioj
3030,srt_meta_ahz0j5g5
3032,srt_meta_krpwumph
3034,srt_meta_vxxxq3mz
3035,srt_meta_arcnp1dh
3042,srt_meta_117d3h2f
3044,srt_meta_2ih9doho
3045,srt_meta_1nux05yh
3048,srt_meta_mb51e6mu
3049,srt_meta_uv115wre
3050,srt_meta_9farpixz
3052,srt_meta_hnshnc18
3053,srt_meta_ebshywzt
3054,srt_meta_fb74obfz
3057,srt_meta_n6g6q816
3059,srt_meta_twcyjz04
3060,srt_meta_8o0av5rd
3061,srt_meta_3d9lds08
3063,srt_meta_065nrbps
3065,srt_meta_wb0d1s9r
3067,srt_meta_blahwghs
3073,srt_meta_2nrjbys6
3074,srt_meta_lbpz5uyr
3076,srt_meta_0qsos1h8
3077,srt_meta_ppfimonb
3078,srt_meta_heljtken
3079,srt_meta_e48h17v4
3081,srt_meta_5jxe40zn
3084,srt_meta_lrnpiy3p
3087,srt_meta_4vewqow5
3088,srt_meta_5h0jzgaw
3090,srt_meta_3b3xbukm
3092,srt_meta_8krc41r6
3093,srt_meta_gjnk3ehj
3094,srt_meta_t9em1quh
3097,srt_meta_s4h4cr3g
3098,srt_meta_4se9obww
3099,srt_meta_rrms6g5g
3100,srt_meta_uvjehvnt
3102,srt_meta_rcq7ixd9
3109,srt_meta_x6frdohr
3111,srt_meta_sf60ly69
3114,srt_meta_rowgxa87
3120,srt_meta_o50fuuuz
3121,srt_meta_dgp0pu6i
3122,srt_meta_ra12zqrt
3125,srt_meta_kk7e1szw
3126,srt_meta_r02jzzd4
3128,srt_meta_1wvw8k6d
3129,srt_meta_exzh12y7
3131,srt_meta_hor23twp
3132,srt_meta_ns874pdk
3136,srt_meta_0jup1r3t
3137,srt_meta_t45sd42f
3138,srt_meta_anhi50rs
3141,srt_meta_0txtfi4c
3143,srt_meta_dokwpxhz
3147,srt_meta_wwmm01ew
3148,srt_meta_ryl6jyus
3149,srt_meta_g5e064pk
3153,srt_meta_bb00sw02
3156,srt_meta_uffnfbb1
3157,srt_meta_718dxr30
3159,srt_meta_ulbtkdkc
3161,srt_meta_5oeuieky
3168,srt_meta_lrzpeb3y
3171,srt_meta_fmjykz9m
3174,srt_meta_z0lmq4h9
3176,srt_meta_q0oa1h2f
3185,srt_meta_ryth9r0z
3187,srt_meta_s1i26k3n
3188,srt_meta_mtnbqa1a
3190,srt_meta_u0f7295i
3191,srt_meta_d1abdifg
3192,srt_meta_1k346ev5
3194,srt_meta_cqzw1ya1
3196,srt_meta_4x3lxh75
3198,srt_meta_619zekt0
3200,srt_meta_fejagzkn
3202,srt_meta_ixxc17am
3205,srt_meta_2xng4ctw
3206,srt_meta_r3p7fmz0
3209,srt_meta_myed31iy
3210,srt_meta_2c02lidi
3211,srt_meta_s6bthh38
3214,srt_meta_0o3wq43k
3221,srt_meta_8pjph0jz
3224,srt_meta_hd3cksyq
3225,srt_meta_kstaid1g
3227,srt_meta_knact6o2
3229,srt_meta_r8f1rlpm
3236,srt_meta_stzpp1ro
3237,srt_meta_ou3iq9xk
3247,srt_meta_leirfhoc
3248,srt_meta_8padzc7m
3251,srt_meta_gp7bm0zl
3256,srt_meta_dt4xqq52
3257,srt_meta_8loib8vj
3258,srt_meta_5vnhtue4
3259,srt_meta_z93wh2ty
3262,srt_meta_z2gsybnu
3263,srt_meta_mwhcccxq
3264,srt_meta_zusu891j
3268,srt_meta_1zyih3u6
3269,srt_meta_ubtxqhjc
3270,srt_meta_rmfote8k
3274,srt_meta_lw61gvdu
3277,srt_meta_res5tcwf
3280,srt_meta_hkceh35t
3282,srt_meta_g7wpruxe
3283,srt_meta_fobl431x
3285,srt_meta_n0j1mane
3286,srt_meta_zuvi2zsz
3287,srt_meta_9wtyw9xx
3292,srt_meta_zgdjquc0
3293,srt_meta_stbcsvkg
3295,srt_meta_syu5964p
3299,srt_meta_lb7sv3vw
3302,srt_meta_y05guyl3
3303,srt_meta_oupm71pb
3304,srt_meta_1b816ttb
3308,srt_meta_a2wzfhuq
3313,srt_meta_rmym91fs
3314,srt_meta_tz6avw77
3316,srt_meta_pac4zr09
3317,srt_meta_n6a09oh8
3322,srt_meta_5c22yvrs
3324,srt_meta_oc29zt5f
3327,srt_meta_xfcg73kb
3328,srt_meta_h24iuwl7
3329,srt_meta_tajtf1dp
3330,srt_meta_r0tmjoj2
3336,srt_meta_9hbbk1xk
3337,srt_meta_0mqh8qk0
3340,srt_meta_hihmru8r
3341,srt_meta_9c05bngl
3345,srt_meta_8vnds8t7
3346,srt_meta_hrs2xvvg
3347,srt_meta_9i63ooy8
3349,srt_meta_wi1w0s19
3350,srt_meta_91wcnve1
3351,srt_meta_05i1u0nv
3352,srt_meta_mswyqv0s
3365,srt_meta_80kis1yd
3366,srt_meta_ovx03m8a
3370,srt_meta_w1jjp796
3372,srt_meta_i48rs2nq
3376,srt_meta_jgifokyw
3382,srt_meta_dia5ueo9
3384,srt_meta_ihbl01pc
3386,srt_meta_ia7zk9va
3388,srt_meta_29p1uyc7
3391,srt_meta_1r5sinwd
3392,srt_meta_yd3vhxxu
3396,srt_meta_sszfy2el
3399,srt_meta_4ykpiyex
3406,srt_meta_8pem5wts
3409,srt_meta_k8s0qa1d
3412,srt_meta_ooph6tyu
3418,srt_meta_41cce495
3419,srt_meta_eyr59jc1
3422,srt_meta_yj4xscwn
3424,srt_meta_z4od7xp1
3427,srt_meta_f3vvzjlo
3429,srt_meta_hov2ckfk
3432,srt_meta_fatje1tc
3438,srt_meta_2g7gywhy
3440,srt_meta_h0ps8uyr
3441,srt_meta_uitgoq46
3442,srt_meta_judapc7e
3444,srt_meta_e54pj2pf
3445,srt_meta_nwjwkx1p
3446,srt_meta_hepxvia9
3447,srt_meta_gno2goad
3449,srt_meta_yymj3jto
3450,srt_meta_u0hz2y50
3451,srt_meta_8lmcqsx1
3455,srt_meta_8f9n1m4m
3456,srt_meta_doa25ypc
3467,srt_meta_whcbp8a9
3468,srt_meta_gve4dnfl
3469,srt_meta_x8ammi2q
3470,srt_meta_0d9srf6i
3473,srt_meta_dqgxv4hu
3477,srt_meta_u3o7lksc
3478,srt_meta_7v5z9433
3479,srt_meta_9ucra2p6
3480,srt_meta_0h8pfc7x
3481,srt_meta_4izi9j7i
3484,srt_meta_1loulp2q
3485,srt_meta_u21co3uk
3487,srt_meta_qvf34ocr
3488,srt_meta_20z21qfx
3489,srt_meta_g47l2n3w
3491,srt_meta_1mk1jbfe
3493,srt_meta_556v24fh
3494,srt_meta_ntk09zi2
3495,srt_meta_5klj5dfz
3497,srt_meta_7o4uzr27
3502,srt_meta_scrjlz58
3503,srt_meta_wrx9nfyp
3505,srt_meta_1w6lw339
3509,srt_meta_jd9ru5r4
3514,srt_meta_3uwqfb41
3515,srt_meta_zgg8i1cw
3516,srt_meta_e2vv8yx5
3519,srt_meta_hr2mzetg
3520,srt_meta_k0btvd6d
3521,srt_meta_bh5qhjvn
3525,srt_meta_2wqdxbt4
3526,srt_meta_3x0v22bt
3528,srt_meta_4dy9w2qa
3529,srt_meta_duwdm3kx
3531,srt_meta_d3nn3g65
3535,srt_meta_kd2ij7i4
3536,srt_meta_dhlqx61y
3537,srt_meta_a40gld28
3539,srt_meta_wd3v57mi
3540,srt_meta_lgwi25z7
3541,srt_meta_1x0qaw2p
3542,srt_meta_1ahlqsfd
3543,srt_meta_o1gdsu47
3544,srt_meta_05xuqwpf
3545,srt_meta_ux8bnyzq
3546,srt_meta_qndo9v2w
3550,srt_meta_6r824n1s
3551,srt_meta_80v09vbk
3553,srt_meta_ce1r9bmz
3554,srt_meta_uzf2cm2c
3555,srt_meta_oyo24zr2
3556,srt_meta_us8i1jvd
3557,srt_meta_lr8ar43l
3561,srt_meta_z50ndtdu
3563,srt_meta_u87bc2lh
3565,srt_meta_rqb2w0bk
3569,srt_meta_2l0a67vv
3570,srt_meta_zddcdru0
3571,srt_meta_cx2eglat
3572,srt_meta_kunnti8h
3574,srt_meta_ire3vn0j
3576,srt_meta_notbsb9w
3578,srt_meta_8qwwh3m4
3579,srt_meta_ssm99iee
3583,srt_meta_isgpgtpr
3584,srt_meta_9dbsc83b
3585,srt_meta_oiv5i50o
3586,srt_meta_eth8t66w
3587,srt_meta_fsu2z0un
3588,srt_meta_b3di4ipe
3589,srt_meta_dl3cyxjv
3591,srt_meta_cvz349yt
3592,srt_meta_eh4exsgg
3593,srt_meta_j38u07j7
3594,srt_meta_b5a7qu00
3596,srt_meta_lks7qprv
3597,srt_meta_hvx53qmz
3598,srt_meta_lvsn30x0
3599,srt_meta_7wtk5o6m
3600,srt_meta_om7o9d57
3601,srt_meta_6zdxwxfx
3602,srt_meta_y82pgibw
3603,srt_meta_j4r8mzie
3604,srt_meta_lj7wsv71
3605,srt_meta_qq080n6x
3606,srt_meta_uqg1nkd7
3607,srt_meta_bq70s3w3
3608,srt_meta_s917ry1j
3609,srt_meta_73lsa6me
3610,srt_meta_x5uhrgy0
3611,srt_meta_jv36fcrg
3613,srt_meta_yckweyq0
3616,srt_meta_gvjrfb34
3617,srt_meta_o69w5moh
3618,srt_meta_22e38m23
3619,srt_meta_gfy0xf6h
3620,srt_meta_9rolj9tj
3621,srt_meta_qct40ysa
3623,srt_meta_n490a7a9
3626,srt_meta_38a5z2r9
3627,srt_meta_vk6fww9g
3629,srt_meta_8u51sr7z
3630,srt_meta_qydb7x2t
3632,srt_meta_ty8cg4xq
3633,srt_meta_f2uzpcna
3634,srt_meta_u2f4lsr6
3635,srt_meta_c09ysh1j
3636,srt_meta_2j58v4u6
3637,srt_meta_pfne8dt4
3638,srt_meta_vqzu41d1
3641,srt_meta_8didbb7x
3642,srt_meta_axoml8my
3643,srt_meta_q9goenk0
3644,srt_meta_9in9lywl
3645,srt_meta_b33sehrb
3646,srt_meta_x0ibqqlk
3647,srt_meta_7sa534yd
3648,srt_meta_k21tf6sn
3650,srt_meta_q4yqejhy
3651,srt_meta_w7i0n83u
3652,srt_meta_1e9eivy4
3661,srt_meta_y6r3meid
3674,srt_meta_6qsquosu
3688,srt_meta_tjwmg3ys
3697,srt_meta_aan7mym2
3709,srt_meta_jg00ve2r
3713,srt_meta_kcan9rxu
3714,srt_meta_tmq3x0cy
3717,srt_meta_53z607lv
3803,srt_meta_eiadu306
3805,srt_meta_801y2hym
3806,srt_meta_b3qxhv3m
3807,srt_meta_bouvce7y
3808,srt_meta_gduyie7i
3809,srt_meta_0gecnmj2
3810,srt_meta_7q5qo3ks
3811,srt_meta_fbgouklx
3812,srt_meta_z2hejggw
3813,srt_meta_3eanjolc
3814,srt_meta_iyskqefs
3815,srt_meta_n6l0lbvd
3816,srt_meta_ixmjp19x
3817,srt_meta_vp3kdcx6
3818,srt_meta_b97q04bf
3819,srt_meta_g5qdq5ds
3820,srt_meta_5n2qnybw
3821,srt_meta_l8awc6ks
3822,srt_meta_yw3dfsam
3823,srt_meta_pjo5vzpp
3824,srt_meta_1pj45vj6
3825,srt_meta_0xg34l5l
3827,srt_meta_ma4cssd1
3828,srt_meta_2d688wmt
3829,srt_meta_q2fm7tm3
3830,srt_meta_78jdtjni
3831,srt_meta_59cnh5ql
3832,srt_meta_574c14tn
3833,srt_meta_qhz7h7pl
3834,srt_meta_x1f24uzt
3835,srt_meta_4qd1sun0
3836,srt_meta_gyztqom8
3837,srt_meta_zvt8384h
3838,srt_meta_hwkosn6d
3839,srt_meta_u7clrxse
3840,srt_meta_9moexpaw
3842,srt_meta_9nehinwf
3844,srt_meta_3z3p3kc9
3845,srt_meta_m85a4fc2
3846,srt_meta_xpuo144k
3847,srt_meta_6z8h3nxx
3848,srt_meta_mc9kc2sw
3850,srt_meta_pak37puf
3851,srt_meta_wmxbmjlx
3852,srt_meta_yg5kv5zj
3853,srt_meta_k0mvy4wo
3854,srt_meta_p2rl4f4o
3855,srt_meta_sr4tsorg
3856,srt_meta_obw15c2k
3857,srt_meta_p7br9ld8
3858,srt_meta_2d958u2z
3859,srt_meta_yrpudzd3
3860,srt_meta_ygho1vxu
3861,srt_meta_v3w53xsj
3862,srt_meta_5m019f3a
3863,srt_meta_73jatfnh
3864,srt_meta_d6xj2ir1
3865,srt_meta_yfuqmuol
3866,srt_meta_ktskx425
3867,srt_meta_2crdbp0w
3869,srt_meta_umz6hug0
3870,srt_meta_ti78095z
3871,srt_meta_j6kkb6kh
3872,srt_meta_yr4ya816
3873,srt_meta_4gswwxw7
3874,srt_meta_zp4ec8gp
3875,srt_meta_g6kp26jf
3876,srt_meta_nk9ds8hi
3878,srt_meta_rewdmit4
3879,srt_meta_prmj1x02
3880,srt_meta_jo0m0lw0
3881,srt_meta_8fkw77w3
3882,srt_meta_w5wm4k90
3883,srt_meta_iklxuzz8
3885,srt_meta_nimw3t1t
3886,srt_meta_26kpe0n8
3887,srt_meta_l5rirzcd
3888,srt_meta_b22l5quc
3889,srt_meta_j1fj0rw8
3890,srt_meta_vwtwq29z
3891,srt_meta_w9dq2a9m
3892,srt_meta_jj4m2po3
3893,srt_meta_w9vx91qs
3894,srt_meta_daovrgm6
3895,srt_meta_8nh4gzyu
3896,srt_meta_z6o5x1dw
3897,srt_meta_qut1gw9s
3898,srt_meta_58mf7vo4
3899,srt_meta_led5hniu
3900,srt_meta_d70lwx01
3901,srt_meta_cdo0l7qp
3902,srt_meta_gk413guf
3904,srt_meta_swzq3tye
3905,srt_meta_2q7sbgqk
3906,srt_meta_trldfbvh
3907,srt_meta_u90m7hrv
3909,srt_meta_l9s392w1
3910,srt_meta_of23o238
3911,srt_meta_z0ghn8j3
3912,srt_meta_zs4feci8
3913,srt_meta_avr1xkk0
3914,srt_meta_8sbczeko
3915,srt_meta_1g7k1oiu
3916,srt_meta_8ab0wl2o
3917,srt_meta_59fvx8lu
3918,srt_meta_ymppkxto
3919,srt_meta_lhrse25q
3920,srt_meta_7zc2xcms
3921,srt_meta_k6dk3c57
3922,srt_meta_aq2m6fez
3923,srt_meta_mmndi23e
3924,srt_meta_91f2lnp0
3925,srt_meta_c3xjxg2w
3926,srt_meta_dmn9qxd1
3927,srt_meta_x5h90lik
3928,srt_meta_ya3jzq9h
3930,srt_meta_lebhcyq7
3931,srt_meta_w5h5ng4w
3932,srt_meta_fky0cxy6
3933,srt_meta_7c4op50t
3934,srt_meta_cv1hpyaw
3935,srt_meta_7s3sho9w
3936,srt_meta_ba1b0w37
3937,srt_meta_fcbjy3z9
3938,srt_meta_omf07rrm
3939,srt_meta_9i2cuu2r
3941,srt_meta_zb0uu6r0
3942,srt_meta_g8yp8iy0
3943,srt_meta_jjxa5asu
3944,srt_meta_npvmgo71
3945,srt_meta_luxfrm4l
3946,srt_meta_4mdc0xlz
3947,srt_meta_uhe1l5ng
3948,srt_meta_29s0uftx
3949,srt_meta_eqxppxom
3950,srt_meta_8rhb25f7
3952,srt_meta_82vv9yg2
3953,srt_meta_7rxn2kqt
3955,srt_meta_t4ppndc6
3956,srt_meta_626xw0lm
3957,srt_meta_gn276bkn
3958,srt_meta_1hu4cujz
3959,srt_meta_xdtkiitg
3960,srt_meta_yynpd85q
3961,srt_meta_y1n22ntm
3963,srt_meta_vs8hfywp
3965,srt_meta_jherzjqx
3966,srt_meta_wfarp8xe
3967,srt_meta_dzw16plm
3968,srt_meta_pnm3svhq
3969,srt_meta_yomvmx1i
3970,srt_meta_jdtp1pne
3971,srt_meta_zq4qfdym
3972,srt_meta_15oafm96
3974,srt_meta_7pmql05a
3975,srt_meta_hcuasppw
3976,srt_meta_p1rhyce6
3977,srt_meta_kx6rpn3z
3978,srt_meta_8yuv5byb
3979,srt_meta_8i7hp7yy
3980,srt_meta_jl0sm2nr
3981,srt_meta_s4fwdo1g
3982,srt_meta_ac5yyn0d
3983,srt_meta_thzha1mp
3984,srt_meta_kh3du8u6
3986,srt_meta_99rh3lma
3987,srt_meta_h4jo5hwe
3988,srt_meta_f5dsg32l
3989,srt_meta_w1csh1l1
3990,srt_meta_zyfnx2wr
3993,srt_meta_ic020t05
3995,srt_meta_y9bsplgk
3996,srt_meta_1gfoil5m
3997,srt_meta_bfwovxmc
3998,srt_meta_nyygngft
3999,srt_meta_3zc8a5eo
4000,srt_meta_dkx72dlh
4003,srt_meta_a3xywakg
4004,srt_meta_egspxa83
4005,srt_meta_emueh16u
4006,srt_meta_qm8mkkpc
4007,srt_meta_zl3ltmz6
4010,srt_meta_bcsp5n3o
4011,srt_meta_goaowowe
4012,srt_meta_3xkri0rm
4013,srt_meta_f02uxwh0
4014,srt_meta_x2cd2yta
4015,srt_meta_tn3ijgn3
4016,srt_meta_1n14x7ar
4017,srt_meta_gt1ld3sy
4018,srt_meta_pv2o4vod
4019,srt_meta_dwmj0wsv
4020,srt_meta_9xntjhdz
4021,srt_meta_x70gaf4d
4022,srt_meta_x92kyv3d
4023,srt_meta_w1jya5qk
4024,srt_meta_6s2cywnr
4025,srt_meta_7gwb1l6v
4026,srt_meta_tiyfwr57
4027,srt_meta_fc8zz9gk
4028,srt_meta_xqpazi66
4029,srt_meta_x2muucep
4030,srt_meta_h8akjuvh
4031,srt_meta_p700dg0d
4032,srt_meta_6heafcu7
4127,srt_meta_uawxl5u2
4142,srt_meta_ars64393
4145,srt_meta_nkli2ip7
4154,srt_meta_zkv90was
4158,srt_meta_tibk1b0o
4161,srt_meta_946b7j3r
4279,srt_meta_9e3c8tg0
4281,srt_meta_7rapxdqw
4286,srt_meta_xu55jd1k
4287,srt_meta_crd0adw2
4291,srt_meta_05miv7pt
4296,srt_meta_6c7ycnor
4306,srt_meta_br3f2ot1
